original_NAME,lat,lon,formatted,name,housenumber,district,street,postcode,suburb,city,county,county_code,state,state_code,country,country_code,confidence,attribution,attribution_license,attribution_url
Facile Services,30.111017,78.2825,"Services, Someshwar Nagar, Rishikesh - 249201, UT, India",,,,Services,249201,Someshwar Nagar,Rishikesh,Dehradun,DD,Uttarakhand,UT,India,in,0,© OpenStreetMap contributors,Open Database License,https://www.openstreetmap.org/copyright
Uneecops Technologies,28.65003,77.23144,"PointerSoft Technologies Pvt Lmt, Jama Masjid, Delhi, South West Delhi, India",PointerSoft Technologies Pvt Lmt,,,,,Jama Masjid,Delhi,South West Delhi,SW,Delhi,DL,India,in,0,GeoNames,CC BY 4.0,https://www.geonames.org/datasources/
Rapidflow Inc,22.31028,73.16672,"Webmyne INC, Vadodara, India",Webmyne INC,,,,,Webmyne INC,Vadodara,Vadodara,,Gujarat,GJ,India,in,0,Who's On First,CC0,https://www.whosonfirst.org/docs/licenses/
MetaOption LLC,20.349079,85.807721,"AuroIN LLC, TCS Footpath, Bhubaneswar Municipal Corporation - 751024, OR, India",AuroIN LLC,,,TCS Footpath,751024,,Bhubaneswar Municipal Corporation,Cuttack,CU,Odisha,OR,India,in,0,© OpenStreetMap contributors,Open Database License,https://www.openstreetmap.org/copyright
Helios Solutions,12.98049,77.60469,"Mobipro Solutions, Bangalore, India",Mobipro Solutions,,East Bangalore,,,Mobipro Solutions,Bangalore,Bangalore,,Karnataka,KA,India,in,0,Who's On First,CC0,https://www.whosonfirst.org/docs/licenses/
"XTGlobal,",,,,,,,,,,,,,,,,,,,,
Unicommerce eSolutions,,,,,,,,,,,,,,,,,,,,
EPSoft,,,,,,,,,,,,,,,,,,,,
Amiga Informatics,17.495292,78.392941,"JNTU GEO INFORMATICS, KPHB Colony, Hyderabad - 500085, AP, India",JNTU GEO INFORMATICS,,West Zone,,500085,KPHB Colony,Hyderabad,Hyderabad,HY,Andhra Pradesh,AP,India,in,0,© OpenStreetMap contributors,Open Database License,https://www.openstreetmap.org/copyright
FirstConnect Solutions,12.98049,77.60469,"Mobipro Solutions, Bangalore, India",Mobipro Solutions,,East Bangalore,,,Mobipro Solutions,Bangalore,Bangalore,,Karnataka,KA,India,in,0,Who's On First,CC0,https://www.whosonfirst.org/docs/licenses/
TechBlocks,,,,,,,,,,,,,,,,,,,,
"OpsHub,",,,,,,,,,,,,,,,,,,,,
6DegreesIT,,,,,,,,,,,,,,,,,,,,
TVS Next,9.4081435,76.558639,"TVS, MC Road, Muthoor, Idinjillam - 689107, KL, India",TVS,,,MC Road,689107,Muthoor,Idinjillam,Thiruvalla,PT,Kerala,KL,India,in,0,© OpenStreetMap contributors,Open Database License,https://www.openstreetmap.org/copyright
Responsive Media Tech Services,,,,,,,,,,,,,,,,,,,,
Aumni Techworks,18.5464844,73.9064129,"Aumni Techworks, 201, East Avenue, Kalyani Nagar, Kalyani Nagar - 411014, MH, India",Aumni Techworks,201,Kalyani Nagar,East Avenue,411014,,Kalyani Nagar,Pune City,PU,Maharashtra,MH,India,in,0,© OpenStreetMap contributors,Open Database License,https://www.openstreetmap.org/copyright
INRY,,,,,,,,,,,,,,,,,,,,
Gathi Analytics,27.576034,78.29953,"Gathi, Hathras, India",,,,,,,Gathi,Hathras,,Uttar Pradesh,UP,India,in,0,Who's On First,CC0,https://www.whosonfirst.org/docs/licenses/
KOKO Networks,23.480684,84.973253,"Koko, Ranchi, India",,,,,,,Koko,Ranchi,,Jharkhand,JH,India,in,0,Who's On First,CC0,https://www.whosonfirst.org/docs/licenses/
Dyooti,,,,,,,,,,,,,,,,,,,,
iMark Infotech,26.82399,75.54525,"Vatika Infotech City, Jaipur, India",,,,,,,Vatika Infotech City,Jaipur,,Rajasthan,RJ,India,in,0,Who's On First,CC0,https://www.whosonfirst.org/docs/licenses/
"Solix Technologies,",28.65003,77.23144,"PointerSoft Technologies Pvt Lmt, Jama Masjid, Delhi, South West Delhi, India",PointerSoft Technologies Pvt Lmt,,,,,Jama Masjid,Delhi,South West Delhi,SW,Delhi,DL,India,in,0,GeoNames,CC BY 4.0,https://www.geonames.org/datasources/
Neovatic Technologies,28.65003,77.23144,"PointerSoft Technologies Pvt Lmt, Jama Masjid, Delhi, South West Delhi, India",PointerSoft Technologies Pvt Lmt,,,,,Jama Masjid,Delhi,South West Delhi,SW,Delhi,DL,India,in,0,GeoNames,CC BY 4.0,https://www.geonames.org/datasources/
Element5,,,,,,,,,,,,,,,,,,,,
Symphony RetailAI,18.5476685,73.790415,"Symphony Club, Baner-Pashan Link Road, Pashan, Pune - 411001, MH, India",Symphony Club,,Aundh,Baner-Pashan Link Road,411001,Pashan,Pune,Pune City,PU,Maharashtra,MH,India,in,0,© OpenStreetMap contributors,Open Database License,https://www.openstreetmap.org/copyright
INFOMAZE,,,,,,,,,,,,,,,,,,,,
Covalense Global,27.501023,82.794713,"Global, Barhani Bazar, Siddharth Nagar, India",Global,,,,,,Barhani Bazar,Siddharth Nagar,SN,Uttar Pradesh,UP,India,in,0,© OpenStreetMap contributors,Open Database License,https://www.openstreetmap.org/copyright
Excelencia,,,,,,,,,,,,,,,,,,,,
W3villa Technologies,28.65003,77.23144,"PointerSoft Technologies Pvt Lmt, Jama Masjid, Delhi, South West Delhi, India",PointerSoft Technologies Pvt Lmt,,,,,Jama Masjid,Delhi,South West Delhi,SW,Delhi,DL,India,in,0,GeoNames,CC BY 4.0,https://www.geonames.org/datasources/
Systel,,,,,,,,,,,,,,,,,,,,
Daloopa,,,,,,,,,,,,,,,,,,,,
Perfios Software Solutions,12.9864281,77.5952553,"Planvisage Software Solutions, 35/1, 2nd Floor, Cunningham Hallmark, Cunningham Road, Vasanth Nagar, Bengaluru - 560001, KA, India",Planvisage Software Solutions,"35/1, 2nd Floor, Cunningham Hallmark",Bengaluru Central City Corporation,Cunningham Road,560001,Vasanth Nagar,Bengaluru,Bangalore North,BN,Karnataka,KA,India,in,0,© OpenStreetMap contributors,Open Database License,https://www.openstreetmap.org/copyright
Detect Technologies,28.65003,77.23144,"PointerSoft Technologies Pvt Lmt, Jama Masjid, Delhi, South West Delhi, India",PointerSoft Technologies Pvt Lmt,,,,,Jama Masjid,Delhi,South West Delhi,SW,Delhi,DL,India,in,0,GeoNames,CC BY 4.0,https://www.geonames.org/datasources/
Ideassion Technology Solutions,12.913535,80.219052,"Cognizant Technology Solutions, Elcot SEZ, Ward 197, Chennai - 600119, TN, India",Cognizant Technology Solutions,,Sholinganallur,Elcot SEZ,600119,Ward 197,Chennai,Chennai,CH,Tamil Nadu,TN,India,in,0,© OpenStreetMap contributors,Open Database License,https://www.openstreetmap.org/copyright
RNF Technologies,28.65003,77.23144,"PointerSoft Technologies Pvt Lmt, Jama Masjid, Delhi, South West Delhi, India",PointerSoft Technologies Pvt Lmt,,,,,Jama Masjid,Delhi,South West Delhi,SW,Delhi,DL,India,in,0,GeoNames,CC BY 4.0,https://www.geonames.org/datasources/
BETSOL,,,,,,,,,,,,,,,,,,,,
Wingify,,,,,,,,,,,,,,,,,,,,
one.com,,,,,,,,,,,,,,,,,,,,
Centroxy,,,,,,,,,,,,,,,,,,,,
AntWorks,,,,,,,,,,,,,,,,,,,,
Anchanto,,,,,,,,,,,,,,,,,,,,
Capermint Technologies,28.65003,77.23144,"PointerSoft Technologies Pvt Lmt, Jama Masjid, Delhi, South West Delhi, India",PointerSoft Technologies Pvt Lmt,,,,,Jama Masjid,Delhi,South West Delhi,SW,Delhi,DL,India,in,0,GeoNames,CC BY 4.0,https://www.geonames.org/datasources/
AVASO Technology Solutions,12.913535,80.219052,"Cognizant Technology Solutions, Elcot SEZ, Ward 197, Chennai - 600119, TN, India",Cognizant Technology Solutions,,Sholinganallur,Elcot SEZ,600119,Ward 197,Chennai,Chennai,CH,Tamil Nadu,TN,India,in,0,© OpenStreetMap contributors,Open Database License,https://www.openstreetmap.org/copyright
West Agile Labs,,,,,,,,,,,,,,,,,,,,
Monarch Info Tech Services,,,,,,,,,,,,,,,,,,,,
ASK Automotive,9.176528,76.5273292,"ASK Supermarket, 416, Randamkutty - Oachira road, Kuttitheruvu, Kayamkulam - 690537, KL, India",ASK Supermarket,416,Kochalummoodu,Randamkutty - Oachira road,690537,Kuttitheruvu,Kayamkulam,Karthikappally,AL,Kerala,KL,India,in,0,© OpenStreetMap contributors,Open Database License,https://www.openstreetmap.org/copyright
Zumen Inc,22.31028,73.16672,"Webmyne INC, Vadodara, India",Webmyne INC,,,,,Webmyne INC,Vadodara,Vadodara,,Gujarat,GJ,India,in,0,Who's On First,CC0,https://www.whosonfirst.org/docs/licenses/
JNET Technologies,10.698969,76.091892,"Jp Jnet Tech. Rd Jun, Thrissur, India",,,,,,,Jp Jnet Tech. Rd Jun,Thrissur,,Kerala,KL,India,in,0,Who's On First,CC0,https://www.whosonfirst.org/docs/licenses/
NVISH Solutions,12.98049,77.60469,"Mobipro Solutions, Bangalore, India",Mobipro Solutions,,East Bangalore,,,Mobipro Solutions,Bangalore,Bangalore,,Karnataka,KA,India,in,0,Who's On First,CC0,https://www.whosonfirst.org/docs/licenses/
Atlas,19.2456051,72.9835064,"Atlas, Brahmand Road, Brahmand Nagar, Thane - 400607, MH, India",Atlas,,,Brahmand Road,400607,Brahmand Nagar,Thane,Thane Subdistrict,,Maharashtra,MH,India,in,0,© OpenStreetMap contributors,Open Database License,https://www.openstreetmap.org/copyright
Fresh Gravity,17.376738,78.559273,"Reliance Fresh, Nagole-Bandlaguda Main Road, Nagole, Hyderabad - 500060, TG, India",Reliance Fresh,,Greater Hyderabad Municipal Corporation East Zone,Nagole-Bandlaguda Main Road,500060,Nagole,Hyderabad,Uppal mandal,HY,Telangana,TG,India,in,0,© OpenStreetMap contributors,Open Database License,https://www.openstreetmap.org/copyright
Centre for Computational Technologies,13.012893,80.233221,"Center for Excellence, center for excellent block, Ward 171, Chennai - 600025, TN, India",Center for Excellence,,Adyar,center for excellent block,600025,Ward 171,Chennai,Chennai,CH,Tamil Nadu,TN,India,in,0,© OpenStreetMap contributors,Open Database License,https://www.openstreetmap.org/copyright
Moonfrog Labs,12.9702558,77.6281889,"Moonfrog Labs, 16/3, 4th Floor, Cambridge Road, Indiranagar, Bengaluru - 560008, KA, India",Moonfrog Labs,"16/3, 4th Floor",Bengaluru Central City Corporation,Cambridge Road,560008,Indiranagar,Bengaluru,Bangalore North,BN,Karnataka,KA,India,in,0,© OpenStreetMap contributors,Open Database License,https://www.openstreetmap.org/copyright
Apar Peopleworld Software,,,,,,,,,,,,,,,,,,,,
SupraES.,,,,,,,,,,,,,,,,,,,,
NextGen Digital Solutions,26.902074,75.835389,"RasuKoo Digital Solutions, D-20/21, Mandir Marg, Adarsh Nagar, Jaipur - 302004, RJ, India",RasuKoo Digital Solutions,D-20/21,Saket Colony,Mandir Marg,302004,Adarsh Nagar,Jaipur,Jaipur Tehsil,JP,Rajasthan,RJ,India,in,0,© OpenStreetMap contributors,Open Database License,https://www.openstreetmap.org/copyright
U2opia Mobile,,,,,,,,,,,,,,,,,,,,
Aspiring Minds,9.960863,76.295293,"Mysterious Minds, Ernakulam - 682036, KL, India",Mysterious Minds,,,,682036,,Ernakulam,Ernakulam,ER,Kerala,KL,India,in,0,© OpenStreetMap contributors,Open Database License,https://www.openstreetmap.org/copyright
CloudThat,,,,,,,,,,,,,,,,,,,,
Infosenseglobal Inc,22.31028,73.16672,"Webmyne INC, Vadodara, India",Webmyne INC,,,,,Webmyne INC,Vadodara,Vadodara,,Gujarat,GJ,India,in,0,Who's On First,CC0,https://www.whosonfirst.org/docs/licenses/
Systango,,,,,,,,,,,,,,,,,,,,
Appcino Technologies,28.65003,77.23144,"PointerSoft Technologies Pvt Lmt, Jama Masjid, Delhi, South West Delhi, India",PointerSoft Technologies Pvt Lmt,,,,,Jama Masjid,Delhi,South West Delhi,SW,Delhi,DL,India,in,0,GeoNames,CC BY 4.0,https://www.geonames.org/datasources/
DEV IT SERV,24.07564,73.69304,"Rakhabh Dev, Udaipur, India",,,,,,,Rakhabh Dev,Udaipur,UP,Rajasthan,RJ,India,in,0,GeoNames,CC BY 4.0,https://www.geonames.org/datasources/
Acute Informatics,17.495292,78.392941,"JNTU GEO INFORMATICS, KPHB Colony, Hyderabad - 500085, AP, India",JNTU GEO INFORMATICS,,West Zone,,500085,KPHB Colony,Hyderabad,Hyderabad,HY,Andhra Pradesh,AP,India,in,0,© OpenStreetMap contributors,Open Database License,https://www.openstreetmap.org/copyright
Hitachi Solutions India,13.271902,77.578007,"Hitachi Astemo, Obadenahalli - 562162, KA, India",,,,Hitachi Astemo,562162,,Obadenahalli,Bangalore Rural,BU,Karnataka,KA,India,in,0,© OpenStreetMap contributors,Open Database License,https://www.openstreetmap.org/copyright
PandoCorp,,,,,,,,,,,,,,,,,,,,
Sterling Software,12.9854153,80.2463893,"Sterling Software Pvt Ltd, Taramani Road, Zone 13 Adyar, Chennai - 600113, TN, India",Sterling Software Pvt Ltd,,CMWSSB Division 180,Taramani Road,600113,Zone 13 Adyar,Chennai,Chennai,,Tamil Nadu,TN,India,in,0,© OpenStreetMap contributors,Open Database License,https://www.openstreetmap.org/copyright
Digital Convergence Technologies,13.051839,80.2342458,"Swastiks Digital Technologies Private Limited, 35A, kannaiah Street, Zone 9 Teynampet, Chennai - 600017, TN, India",Swastiks Digital Technologies Private Limited,35A,CMWSSB Division 113,kannaiah Street,600017,Zone 9 Teynampet,Chennai,Chennai,CH,Tamil Nadu,TN,India,in,0,© OpenStreetMap contributors,Open Database License,https://www.openstreetmap.org/copyright
Truecaller,12.9512723,77.6411882,"Truecaller, Inner Ring Road, Yamalur, Bengaluru - 560071, KA, India",Truecaller,,Bengaluru East City Corporation,Inner Ring Road,560071,Yamalur,Bengaluru,Bangalore North,BN,Karnataka,KA,India,in,0,© OpenStreetMap contributors,Open Database License,https://www.openstreetmap.org/copyright
IMG Global Infotech,,,,,,,,,,,,,,,,,,,,
Skoruz Technologies,28.65003,77.23144,"PointerSoft Technologies Pvt Lmt, Jama Masjid, Delhi, South West Delhi, India",PointerSoft Technologies Pvt Lmt,,,,,Jama Masjid,Delhi,South West Delhi,SW,Delhi,DL,India,in,0,GeoNames,CC BY 4.0,https://www.geonames.org/datasources/
NTrust Infotech,26.82399,75.54525,"Vatika Infotech City, Jaipur, India",,,,,,,Vatika Infotech City,Jaipur,,Rajasthan,RJ,India,in,0,Who's On First,CC0,https://www.whosonfirst.org/docs/licenses/
Inventum,,,,,,,,,,,,,,,,,,,,
Shore Group Associates,,,,,,,,,,,,,,,,,,,,
KBC Technologies Group,,,,,,,,,,,,,,,,,,,,
Open Destinations,26.04447,89.476074,"Open Daribash, Koch Bihar, India",,,,,,,Open Daribash,Koch Bihar,,West Bengal,WB,India,in,0,Who's On First,CC0,https://www.whosonfirst.org/docs/licenses/
HulkApps,,,,,,,,,,,,,,,,,,,,
Leoforce,,,,,,,,,,,,,,,,,,,,
realworld one,19.0023567,72.8264064,"World One, Shankar Rao Naram Path (Gowalia Chawl Lane), Lower Parel, Mumbai - 400013, MH, India",World One,,Mumbai Zone 2,Shankar Rao Naram Path (Gowalia Chawl Lane),400013,Lower Parel,Mumbai,Mumbai City District,MU,Maharashtra,MH,India,in,0,© OpenStreetMap contributors,Open Database License,https://www.openstreetmap.org/copyright
Mutual Mobile,22.7518145,75.9277228,"Mutual Fund Software, 45, Service Road, Indore City, Indore - 452010, MP, India",Mutual Fund Software,45,Indore City,Service Road,452010,,Indore,Juni Indore Tahsil,IN,Madhya Pradesh,MP,India,in,0,© OpenStreetMap contributors,Open Database License,https://www.openstreetmap.org/copyright
Quantela,,,,,,,,,,,,,,,,,,,,
Securonix,,,,,,,,,,,,,,,,,,,,
Experience.com,,,,,,,,,,,,,,,,,,,,
Blancco Technology Group,26.514284,80.230351,"Rural Technology Action Group, Kanpur - 208016, UP, India",,,,Rural Technology Action Group,208016,,Kanpur,Kanpur,KN,Uttar Pradesh,UP,India,in,0,© OpenStreetMap contributors,Open Database License,https://www.openstreetmap.org/copyright
Perpetuuiti Technosoft PTE,,,,,,,,,,,,,,,,,,,,
WFX,,,,,,,,,,,,,,,,,,,,
Trimax Americas,,,,,,,,,,,,,,,,,,,,
Vincit,,,,,,,,,,,,,,,,,,,,
Brainvire Infotech,26.82399,75.54525,"Vatika Infotech City, Jaipur, India",,,,,,,Vatika Infotech City,Jaipur,,Rajasthan,RJ,India,in,0,Who's On First,CC0,https://www.whosonfirst.org/docs/licenses/
CustomerXPs,,,,,,,,,,,,,,,,,,,,
Apps Business IT Solutions,9.9643022,76.3025316,"Mfluid, George Varghese Lane, Kadavanthra, Kochi - 682020, KL, India",Mfluid,,,George Varghese Lane,682020,Kadavanthra,Kochi,Kanayannur,ER,Kerala,KL,India,in,0,© OpenStreetMap contributors,Open Database License,https://www.openstreetmap.org/copyright
Ushur,12.9118491,77.6420106,"Ushur, 17/D, 18th Cross Road, HSR Layout, Bengaluru - 560102, KA, India",Ushur,17/D,Bengaluru South City Corporation,18th Cross Road,560102,HSR Layout,Bengaluru,Bangalore South,,Karnataka,KA,India,in,0,© OpenStreetMap contributors,Open Database License,https://www.openstreetmap.org/copyright
Amrut Software,19.0669359,72.9044168,"Amrut Stores, Shop No 2&3, PCAG Building, Road No. 4, Chheda Nagar, Mumbai - 400089, MH, India",Amrut Stores,"Shop No 2&3, PCAG Building",Mumbai Zone 5,Road No. 4,400089,Chheda Nagar,Mumbai,Mumbai Suburban District,MU,Maharashtra,MH,India,in,0,© OpenStreetMap contributors,Open Database License,https://www.openstreetmap.org/copyright
iSolve Technologies,28.65003,77.23144,"PointerSoft Technologies Pvt Lmt, Jama Masjid, Delhi, South West Delhi, India",PointerSoft Technologies Pvt Lmt,,,,,Jama Masjid,Delhi,South West Delhi,SW,Delhi,DL,India,in,0,GeoNames,CC BY 4.0,https://www.geonames.org/datasources/
QuestionPro,,,,,,,,,,,,,,,,,,,,
M Squared Software and Services,8.5608697,76.8770123,"M-Squared Software and Services, Kazhakkoottam, Thiruvananthapuram - 695001, KL, India",M-Squared Software and Services,,,M-Squared Software and Services,695001,Kazhakkoottam,Thiruvananthapuram,Thiruvananthapuram,,Kerala,KL,India,in,0,© OpenStreetMap contributors,Open Database License,https://www.openstreetmap.org/copyright
WorkInSync,,,,,,,,,,,,,,,,,,,,
Anunta Tech,12.9226966,80.1279616,"TECH ZONE, 1, Velachery Main Road, East Tambaram, Tambaram - 600059, TN, India",TECH ZONE,1,,Velachery Main Road,600059,East Tambaram,Tambaram,Tambaram,KC,Tamil Nadu,TN,India,in,0,© OpenStreetMap contributors,Open Database License,https://www.openstreetmap.org/copyright
SoftNice,,,,,,,,,,,,,,,,,,,,
Pixentia,,,,,,,,,,,,,,,,,,,,
IT America Inc,26.8710268,80.9456475,"IT College, Faizabad Road, Hasan Ganj, Lucknow - 226006, UP, India",IT College,,,Faizabad Road,226006,Hasan Ganj,Lucknow,Lucknow,LU,Uttar Pradesh,UP,India,in,0,© OpenStreetMap contributors,Open Database License,https://www.openstreetmap.org/copyright
rtCamp,,,,,,,,,,,,,,,,,,,,
"Netrovert Software,",25.34526,72.6269381,"Software Technology, Shop No.17-19, NH325, Jalore - 343001, RJ, India",Software Technology,Shop No.17-19,,NH325,343001,,Jalore,Jalor Tehsil,JL,Rajasthan,RJ,India,in,0,© OpenStreetMap contributors,Open Database License,https://www.openstreetmap.org/copyright
Dimiour,,,,,,,,,,,,,,,,,,,,
Sailotech,,,,,,,,,,,,,,,,,,,,
Sierra Atlantic,18.5350442,73.829859,"Sierra Wireless India, ICC Trade Tower, Senapati Bapat Marg, Model Colony, Pune - 411001, MH, India",Sierra Wireless India,ICC Trade Tower,Ghole Road,Senapati Bapat Marg,411001,Model Colony,Pune,Pune City,PU,Maharashtra,MH,India,in,0,© OpenStreetMap contributors,Open Database License,https://www.openstreetmap.org/copyright
Lockstep,,,,,,,,,,,,,,,,,,,,
Kasmo,,,,,,,,,,,,,,,,,,,,
Ampcus Inc,22.31028,73.16672,"Webmyne INC, Vadodara, India",Webmyne INC,,,,,Webmyne INC,Vadodara,Vadodara,,Gujarat,GJ,India,in,0,Who's On First,CC0,https://www.whosonfirst.org/docs/licenses/
ZapCom Group Inc,,,,,,,,,,,,,,,,,,,,
DhanInfo,,,,,,,,,,,,,,,,,,,,
Paramatrix Technologies.,28.65003,77.23144,"PointerSoft Technologies Pvt Lmt, Jama Masjid, Delhi, South West Delhi, India",PointerSoft Technologies Pvt Lmt,,,,,Jama Masjid,Delhi,South West Delhi,SW,Delhi,DL,India,in,0,GeoNames,CC BY 4.0,https://www.geonames.org/datasources/
Votary Softech Solutions,9.9733401,76.2874871,"Spectrum Softech Solutions, Mahakavi G Road, Ernakulam South, Ernakulam - 682035, KL, India",Spectrum Softech Solutions,,,Mahakavi G Road,682035,Ernakulam South,Ernakulam,Kanayannur,ER,Kerala,KL,India,in,0,© OpenStreetMap contributors,Open Database License,https://www.openstreetmap.org/copyright
skillgigs.com,,,,,,,,,,,,,,,,,,,,
"Tata Technologies, Pune",18.5841633,73.7327746,"TATA Technologies, Hinjawadi Phase 1, Mulshi, India",TATA Technologies,,,,,Hinjawadi Phase 1,,Mulshi,,Maharashtra,MH,India,in,0,© OpenStreetMap contributors,Open Database License,https://www.openstreetmap.org/copyright
QSS Technosoft,28.580376,77.319249,"Ansumiti Technosoft Pvt Ltd, E-20, Sector-3, Noida - 201301, UP, India",Ansumiti Technosoft Pvt Ltd,E-20,,Sector-3,201301,,Noida,Gautam Buddha Nagar,GB,Uttar Pradesh,UP,India,in,0,© OpenStreetMap contributors,Open Database License,https://www.openstreetmap.org/copyright
EGlogics Softech,26.7225253,88.4280329,"Softech Water Treatment, Sevoke Road, Siliguri - 734001, WB, India",Softech Water Treatment,,,Sevoke Road,734001,,Siliguri,Matigara block,DA,West Bengal,WB,India,in,0,© OpenStreetMap contributors,Open Database License,https://www.openstreetmap.org/copyright
Trinamix Inc,22.31028,73.16672,"Webmyne INC, Vadodara, India",Webmyne INC,,,,,Webmyne INC,Vadodara,Vadodara,,Gujarat,GJ,India,in,0,Who's On First,CC0,https://www.whosonfirst.org/docs/licenses/
LabVantage Solutions,12.98049,77.60469,"Mobipro Solutions, Bangalore, India",Mobipro Solutions,,East Bangalore,,,Mobipro Solutions,Bangalore,Bangalore,,Karnataka,KA,India,in,0,Who's On First,CC0,https://www.whosonfirst.org/docs/licenses/
Visteon Technical And Services Centre,20.4621281,75.0078142,"Sachin Systems and Services, NH753J, Chalisgaon - 424101, MH, India",Sachin Systems and Services,,,NH753J,424101,,Chalisgaon,Chalisgaon,JG,Maharashtra,MH,India,in,0,© OpenStreetMap contributors,Open Database License,https://www.openstreetmap.org/copyright
Springworks,,,,,,,,,,,,,,,,,,,,
Xansa plc,22.519971,88.370176,"Ekdalia Place, Ward 68, Kolkata - 700019, WB, India",,,Borough No. VIII,Ekdalia Place,700019,Ward 68,Kolkata,Kolkata,KO,West Bengal,WB,India,in,0,© OpenStreetMap contributors,Open Database License,https://www.openstreetmap.org/copyright
Saviynt,,,,,,,,,,,,,,,,,,,,
vTech Solution,25.624946,85.05557,"Print Solution, 2, Gola Road, Danapur, Dinapore - 801503, BR, India",Print Solution,2,,"Gola Road, Danapur",801503,,Dinapore,Patna,PA,Bihar,BR,India,in,0,© OpenStreetMap contributors,Open Database License,https://www.openstreetmap.org/copyright
OmnePresent Technologies,28.65003,77.23144,"PointerSoft Technologies Pvt Lmt, Jama Masjid, Delhi, South West Delhi, India",PointerSoft Technologies Pvt Lmt,,,,,Jama Masjid,Delhi,South West Delhi,SW,Delhi,DL,India,in,0,GeoNames,CC BY 4.0,https://www.geonames.org/datasources/
Arcserve,,,,,,,,,,,,,,,,,,,,
Lauren Information Technologies,31.5333033,75.9157511,"VaaSS Information Technologies Private Limited, 1-2, arya nagar, Mall Road, Aslamabad, Hoshiarpur - 146001, PB, India",VaaSS Information Technologies Private Limited,"1-2, arya nagar",,Mall Road,146001,Aslamabad,Hoshiarpur,Hoshiarpur Tahsil,HO,Punjab,PB,India,in,0,© OpenStreetMap contributors,Open Database License,https://www.openstreetmap.org/copyright
ANM,28.8112688,72.941494,"1 ANM, Rawla Mandi Tehsil, India",,,,,,,1 ANM,Rawla Mandi Tehsil,,Rajasthan,RJ,India,in,0,© OpenStreetMap contributors,Open Database License,https://www.openstreetmap.org/copyright
Sixth Energy Technologies,11.754812,76.027251,"Sixth Mile, Porunnanore, Wayanad, India",Sixth Mile,,,,,Sixth Mile,Porunnanore,Wayanad,,Kerala,KL,India,in,0,Who's On First,CC0,https://www.whosonfirst.org/docs/licenses/
SourceTrace,,,,,,,,,,,,,,,,,,,,
Wolters Kluwer ELM Solutions,,,,,,,,,,,,,,,,,,,,
Mygo Consulting,28.4935315,77.088317,"Boston Consulting Group, DLF Tower 10th Road, Sector 25A, Gurgaon - 122010, HR, India",Boston Consulting Group,,Gurgaon,DLF Tower 10th Road,122010,Sector 25A,Gurgaon,Gurugram,GG,Haryana,HR,India,in,0,© OpenStreetMap contributors,Open Database License,https://www.openstreetmap.org/copyright
Stellapps Technologies,12.915981,77.651606,"Foradian Technologies, 2569/665, 27th Main Rd, 1st Sector, HSR Layout, HSR Layout, Bangalore - 560102, KA, India",Foradian Technologies,2569/665,Bommanahalli ,"27th Main Rd, 1st Sector, HSR Layout",560102,HSR Layout,Bangalore,Bangalore,BN,Karnataka,KA,India,in,0,© OpenStreetMap contributors,Open Database License,https://www.openstreetmap.org/copyright
RLabs Enterprise Services,9.5143299,76.6332365,"H & S Enterprise ( Tools For Rent And Services ), Kottayam-Puthuppally Road, Karukachal - 686539, KL, India",H & S Enterprise ( Tools For Rent And Services ),,,Kottayam-Puthuppally Road,686539,,Karukachal,Changanassery,KT,Kerala,KL,India,in,0,© OpenStreetMap contributors,Open Database License,https://www.openstreetmap.org/copyright
Xeno,17.4463818,78.3897488,"XENO SUMMIT, Madhapur Flyover Link, HITEC City, Hyderabad - 500081, TG, India",XENO SUMMIT,,Ayyappa Society Colony,Madhapur Flyover Link,500081,HITEC City,Hyderabad,Serilingampalle mandal,HY,Telangana,TG,India,in,0,© OpenStreetMap contributors,Open Database License,https://www.openstreetmap.org/copyright
Integrass,,,,,,,,,,,,,,,,,,,,
TechTree IT Systems,,,,,,,,,,,,,,,,,,,,
Techspian,,,,,,,,,,,,,,,,,,,,
TechAhead,,,,,,,,,,,,,,,,,,,,
5ireChain,,,,,,,,,,,,,,,,,,,,
BiztechCS,,,,,,,,,,,,,,,,,,,,
UST BlueConch Technologies,,,,,,,,,,,,,,,,,,,,
Adea Solutions,,,,,,,,,,,,,,,,,,,,
Zerone Consulting,28.4935315,77.088317,"Boston Consulting Group, DLF Tower 10th Road, Sector 25A, Gurgaon - 122010, HR, India",Boston Consulting Group,,Gurgaon,DLF Tower 10th Road,122010,Sector 25A,Gurgaon,Gurugram,GG,Haryana,HR,India,in,0,© OpenStreetMap contributors,Open Database License,https://www.openstreetmap.org/copyright
HealthFore Technologies,28.65003,77.23144,"PointerSoft Technologies Pvt Lmt, Jama Masjid, Delhi, South West Delhi, India",PointerSoft Technologies Pvt Lmt,,,,,Jama Masjid,Delhi,South West Delhi,SW,Delhi,DL,India,in,0,GeoNames,CC BY 4.0,https://www.geonames.org/datasources/
Religare Technova,13.09392,77.582717,"Religare, Yelahanka Satellite Town, Bangalore - 560064, KA, India",Religare,,Yelahanka,,560064,Yelahanka Satellite Town,Bangalore,Bangalore,BN,Karnataka,KA,India,in,0,© OpenStreetMap contributors,Open Database License,https://www.openstreetmap.org/copyright
BDS Services,13.065684,77.643321,"BDS Nagara, Horamavu, Bangalore, India",BDS Nagara,,Mahadevapura,,,Horamavu,Bangalore,Bangalore,BN,Karnataka,KA,India,in,0,© OpenStreetMap contributors,Open Database License,https://www.openstreetmap.org/copyright
Acropetal Technologies,28.65003,77.23144,"PointerSoft Technologies Pvt Lmt, Jama Masjid, Delhi, South West Delhi, India",PointerSoft Technologies Pvt Lmt,,,,,Jama Masjid,Delhi,South West Delhi,SW,Delhi,DL,India,in,0,GeoNames,CC BY 4.0,https://www.geonames.org/datasources/
TAAL Tech,26.221449,88.06852,"Taal Basti, Kishanganj, India",,,,,,,Taal Basti,Kishanganj,,Bihar,BR,India,in,0,Who's On First,CC0,https://www.whosonfirst.org/docs/licenses/
Actis Technologies,,,,,,,,,,,,,,,,,,,,
Keysight Network Visibility Test & Security,13.6342977,79.424758,"Asalatha Test Tube Baby & Multispecialty Hospital, Main Road, Tirupati - 517501, AP, India",Asalatha Test Tube Baby & Multispecialty Hospital,,,Main Road,517501,,Tirupati,Tirupati (Urban),CH,Andhra Pradesh,AP,India,in,0,© OpenStreetMap contributors,Open Database License,https://www.openstreetmap.org/copyright
Savvysoft Technologies,28.65003,77.23144,"PointerSoft Technologies Pvt Lmt, Jama Masjid, Delhi, South West Delhi, India",PointerSoft Technologies Pvt Lmt,,,,,Jama Masjid,Delhi,South West Delhi,SW,Delhi,DL,India,in,0,GeoNames,CC BY 4.0,https://www.geonames.org/datasources/
Teknorix,,,,,,,,,,,,,,,,,,,,
Consummate Technologies,28.65003,77.23144,"PointerSoft Technologies Pvt Lmt, Jama Masjid, Delhi, South West Delhi, India",PointerSoft Technologies Pvt Lmt,,,,,Jama Masjid,Delhi,South West Delhi,SW,Delhi,DL,India,in,0,GeoNames,CC BY 4.0,https://www.geonames.org/datasources/
LoginRadius,,,,,,,,,,,,,,,,,,,,
Intech Systems,22.304211,73.165385,"Omikron Systems, 205 & 206, SAKAR Complex, Old Padra Road, Vadodara - 390007, GJ, India",Omikron Systems,"205 & 206, SAKAR Complex",,Old Padra Road,390007,,Vadodara,Vadodara,,Gujarat,GJ,India,in,0,© OpenStreetMap contributors,Open Database License,https://www.openstreetmap.org/copyright
Porteck Corporation,17.43727,78.38536,"United Technologies Corporation, Serilingampally, Hyderabad, India",United Technologies Corporation,,West Zone,,,Serilingampally,Hyderabad,Hyderabad,HY,Andhra Pradesh,AP,India,in,0,GeoNames,CC BY 4.0,https://www.geonames.org/datasources/
cloudEQ,,,,,,,,,,,,,,,,,,,,
EvonSys,,,,,,,,,,,,,,,,,,,,
Pocket FM,28.684971,77.312533,"Pocket F, G.T.B. Enclave, Delhi - 110095, DL, India",Pocket F,Pocket F,,G.T.B. Enclave,110095,,Delhi,South West Delhi,SW,Delhi,DL,India,in,0,© OpenStreetMap contributors,Open Database License,https://www.openstreetmap.org/copyright
Narvar,25.185798,82.201308,"Narvar Uparhar, Allahabad, India",,,,,,,Narvar Uparhar,Allahabad,,Uttar Pradesh,UP,India,in,0,Who's On First,CC0,https://www.whosonfirst.org/docs/licenses/
Tricon Infotech,12.9303897,77.6150393,"Tricon InfoTech Pvt. Ltd., 143,114, Hosur Road, Kormangala West, Bengaluru - 560034, KA, India",Tricon InfoTech Pvt. Ltd.,"143,114",Bengaluru South City Corporation,Hosur Road,560034,Kormangala West,Bengaluru,Bangalore South,BN,Karnataka,KA,India,in,0,© OpenStreetMap contributors,Open Database License,https://www.openstreetmap.org/copyright
Quest Innovative Solutions,8.5188634,76.9585656,"Virtus Innovative Solutions Private Limited, Belhaven Road, Kowdiar, Thiruvananthapuram - 695001, KL, India",Virtus Innovative Solutions Private Limited,,,Belhaven Road,695001,Kowdiar,Thiruvananthapuram,Thiruvananthapuram,TV,Kerala,KL,India,in,0,© OpenStreetMap contributors,Open Database License,https://www.openstreetmap.org/copyright
NetConnectGlobal,,,,,,,,,,,,,,,,,,,,
"Liventus,",,,,,,,,,,,,,,,,,,,,
Lorhan IT,25.3796,82.95733,"Lorhān, Varanasi, India",,,,,,,Lorhān,Varanasi,VA,Uttar Pradesh,UP,India,in,0,GeoNames,CC BY 4.0,https://www.geonames.org/datasources/
Certa,,,,,,,,,,,,,,,,,,,,
Soliton Technologies,28.65003,77.23144,"PointerSoft Technologies Pvt Lmt, Jama Masjid, Delhi, South West Delhi, India",PointerSoft Technologies Pvt Lmt,,,,,Jama Masjid,Delhi,South West Delhi,SW,Delhi,DL,India,in,0,GeoNames,CC BY 4.0,https://www.geonames.org/datasources/
In,,,,,,,,,,,,,,,,,,,,
ApMoSys Technologies,28.65003,77.23144,"PointerSoft Technologies Pvt Lmt, Jama Masjid, Delhi, South West Delhi, India",PointerSoft Technologies Pvt Lmt,,,,,Jama Masjid,Delhi,South West Delhi,SW,Delhi,DL,India,in,0,GeoNames,CC BY 4.0,https://www.geonames.org/datasources/
Teqfocus,,,,,,,,,,,,,,,,,,,,
Clumio,,,,,,,,,,,,,,,,,,,,
Nexgen IOT Solutions,9.9779597,76.3231421,"Nexgen online solutions, Ponnuruni-Chalikkavattom Road, Ponnurunni, Ernakulam - 680019, KL, India",Nexgen online solutions,,,Ponnuruni-Chalikkavattom Road,680019,Ponnurunni,Ernakulam,Kanayannur,ER,Kerala,KL,India,in,0,© OpenStreetMap contributors,Open Database License,https://www.openstreetmap.org/copyright
WeP Peripherals,28.5487863,77.252083,"Rashi Peripherals, 605, Nehru People Market Road, Kalkaji Tehsil, Delhi - 110019, DL, India",Rashi Peripherals,605,South East Delhi,Nehru People Market Road,110019,Kalkaji Tehsil,Delhi,South West Delhi,SW,Delhi,DL,India,in,0,© OpenStreetMap contributors,Open Database License,https://www.openstreetmap.org/copyright
Microexcel Inc,22.31028,73.16672,"Webmyne INC, Vadodara, India",Webmyne INC,,,,,Webmyne INC,Vadodara,Vadodara,,Gujarat,GJ,India,in,0,Who's On First,CC0,https://www.whosonfirst.org/docs/licenses/
Allyis,,,,,,,,,,,,,,,,,,,,
Yotta Infrastructure Solutions,,,,,,,,,,,,,,,,,,,,
RandomTrees,,,,,,,,,,,,,,,,,,,,
Lentra,,,,,,,,,,,,,,,,,,,,
iMarque Solutions,12.98049,77.60469,"Mobipro Solutions, Bangalore, India",Mobipro Solutions,,East Bangalore,,,Mobipro Solutions,Bangalore,Bangalore,,Karnataka,KA,India,in,0,Who's On First,CC0,https://www.whosonfirst.org/docs/licenses/
atyati Technologies,28.65003,77.23144,"PointerSoft Technologies Pvt Lmt, Jama Masjid, Delhi, South West Delhi, India",PointerSoft Technologies Pvt Lmt,,,,,Jama Masjid,Delhi,South West Delhi,SW,Delhi,DL,India,in,0,GeoNames,CC BY 4.0,https://www.geonames.org/datasources/
VySystems,,,,,,,,,,,,,,,,,,,,
Kovaion Consulting,28.4935315,77.088317,"Boston Consulting Group, DLF Tower 10th Road, Sector 25A, Gurgaon - 122010, HR, India",Boston Consulting Group,,Gurgaon,DLF Tower 10th Road,122010,Sector 25A,Gurgaon,Gurugram,GG,Haryana,HR,India,in,0,© OpenStreetMap contributors,Open Database License,https://www.openstreetmap.org/copyright
Neewee,,,,,,,,,,,,,,,,,,,,
Zelite Solutions,12.98049,77.60469,"Mobipro Solutions, Bangalore, India",Mobipro Solutions,,East Bangalore,,,Mobipro Solutions,Bangalore,Bangalore,,Karnataka,KA,India,in,0,Who's On First,CC0,https://www.whosonfirst.org/docs/licenses/
GeekLurn,,,,,,,,,,,,,,,,,,,,
Boston Technology Corporation,30.9036876,75.7765111,"Boston Bites, Sco123, Ayalli Road, Sunet - 141013, PB, India",Boston Bites,Sco123,,Ayalli Road,141013,,Sunet,Ludhiana (West) Tahsil,LU,Punjab,PB,India,in,0,© OpenStreetMap contributors,Open Database License,https://www.openstreetmap.org/copyright
People10 Technologies,28.65003,77.23144,"PointerSoft Technologies Pvt Lmt, Jama Masjid, Delhi, South West Delhi, India",PointerSoft Technologies Pvt Lmt,,,,,Jama Masjid,Delhi,South West Delhi,SW,Delhi,DL,India,in,0,GeoNames,CC BY 4.0,https://www.geonames.org/datasources/
Modefin,,,,,,,,,,,,,,,,,,,,
Cognus Technology,25.34526,72.6269381,"Software Technology, Shop No.17-19, NH325, Jalore - 343001, RJ, India",Software Technology,Shop No.17-19,,NH325,343001,,Jalore,Jalor Tehsil,JL,Rajasthan,RJ,India,in,0,© OpenStreetMap contributors,Open Database License,https://www.openstreetmap.org/copyright
PC Solutions,12.964823,77.5840248,"PCBuildz (Nextgen IT Solutions) - Bangalore's Best Custom PC Shop for Gaming, Editing, 3D Animation & AI Workstation PC Build, No.91, 2nd floor, Shop No, 222-223, Balaji Complex, SP Road, Dharmaraya Swamy Temple Ward, Bengaluru - 560002, KA, India","PCBuildz (Nextgen IT Solutions) - Bangalore's Best Custom PC Shop for Gaming, Editing, 3D Animation & AI Workstation PC Build","No.91, 2nd floor, Shop No, 222-223, Balaji Complex",Bengaluru Central City Corporation,SP Road,560002,Dharmaraya Swamy Temple Ward,Bengaluru,Bangalore North,,Karnataka,KA,India,in,0,© OpenStreetMap contributors,Open Database License,https://www.openstreetmap.org/copyright
Evolutyz Corp,20.29219,85.82174,"Bhubaneswar M Corp, Khordha, India",,,,,,,Bhubaneswar M Corp,Khordha,KH,Odisha,OR,India,in,0,GeoNames,CC BY 4.0,https://www.geonames.org/datasources/
Tulip Interfaces,26.666462,92.399023,"Tulip Bagen 3, Sonitpur, India",Tulip Bagen 3,,,,,Tulip Bagen 3,,Sonitpur,,Assam,AS,India,in,0,Who's On First,CC0,https://www.whosonfirst.org/docs/licenses/
KARYA Technologies,12.088643,76.866446,"Karya, Mysore, India",,,,,,,Karya,Mysore,,Karnataka,KA,India,in,0,Who's On First,CC0,https://www.whosonfirst.org/docs/licenses/
Info Network Management Company,,,,,,,,,,,,,,,,,,,,
QA InfoTech,19.0848336,72.9091136,"Sai Infotech, Ghatkopar East, Mumbai, Mumbai Suburban District, India",Sai Infotech,,Mumbai Zone 6,,,Ghatkopar East,Mumbai,Mumbai Suburban District,,Maharashtra,MH,India,in,0,© OpenStreetMap contributors,Open Database License,https://www.openstreetmap.org/copyright
QBA Worldwide,15.487908,73.907032,"Sunshine Worldwide School, Old Goa, Panaji - 403110, GA, India",,,,Sunshine Worldwide School,403110,Old Goa,Panaji,North Goa,NG,Goa,GA,India,in,0,© OpenStreetMap contributors,Open Database License,https://www.openstreetmap.org/copyright
iTech India,10.0213705,76.3119971,"iTech, 2/1266, Salem - Kochi - Kanyakumari Road, Edapally, Kochi - 682024, KL, India",iTech,2/1266,Sahrudaya Nagar,Salem - Kochi - Kanyakumari Road,682024,Edapally,Kochi,Kanayannur,ER,Kerala,KL,India,in,0,© OpenStreetMap contributors,Open Database License,https://www.openstreetmap.org/copyright
eGain Corporation,17.43727,78.38536,"United Technologies Corporation, Serilingampally, Hyderabad, India",United Technologies Corporation,,West Zone,,,Serilingampally,Hyderabad,Hyderabad,HY,Andhra Pradesh,AP,India,in,0,GeoNames,CC BY 4.0,https://www.geonames.org/datasources/
DreamSoft4u,,,,,,,,,,,,,,,,,,,,
Celigo,,,,,,,,,,,,,,,,,,,,
Netrix,18.5642983,73.7776435,"Netrix, Gopal Hari Deshmukh Marg, Baner, Pune - 411001, MH, India",Netrix,,Balewadi Phata,Gopal Hari Deshmukh Marg,411001,Baner,Pune,Pune City,PU,Maharashtra,MH,India,in,0,© OpenStreetMap contributors,Open Database License,https://www.openstreetmap.org/copyright
Sarvatra Technologies,28.65003,77.23144,"PointerSoft Technologies Pvt Lmt, Jama Masjid, Delhi, South West Delhi, India",PointerSoft Technologies Pvt Lmt,,,,,Jama Masjid,Delhi,South West Delhi,SW,Delhi,DL,India,in,0,GeoNames,CC BY 4.0,https://www.geonames.org/datasources/
Nichi,23.0291787,79.7433472,"Nichi, Shahpura Tahsil, India",,,Nichi,,,,Nichi,Shahpura Tahsil,,Madhya Pradesh,MP,India,in,0,© OpenStreetMap contributors,Open Database License,https://www.openstreetmap.org/copyright
Ampl,25.2716621,87.4592493,"Ammapali, NH33, Sundarpur - 813209, BR, India",Ammapali,,,NH33,813209,,Sundarpur,Pirpainti,,Bihar,BR,India,in,0,© OpenStreetMap contributors,Open Database License,https://www.openstreetmap.org/copyright
Techversant,,,,,,,,,,,,,,,,,,,,
Amity Software Systems,18.498506,83.528364,"Amity, Vizianagaram, India",,,,,,,Amity,Vizianagaram,,Andhra Pradesh,AP,India,in,0,Who's On First,CC0,https://www.whosonfirst.org/docs/licenses/
Asta Crs Inc,22.665758,75.885981,"Cr, Indore - 452020, MP, India",,,,Cr,452020,,Indore,Indore,IN,Madhya Pradesh,MP,India,in,0,© OpenStreetMap contributors,Open Database License,https://www.openstreetmap.org/copyright
RVU India,28.193235,94.154038,"Arunachal Pradesh, India",Arunachal Pradesh,,,,,,,,,,,India,in,1,Who's On First,CC0,https://www.whosonfirst.org/docs/licenses/
SkyOnn Technologies,28.65003,77.23144,"PointerSoft Technologies Pvt Lmt, Jama Masjid, Delhi, South West Delhi, India",PointerSoft Technologies Pvt Lmt,,,,,Jama Masjid,Delhi,South West Delhi,SW,Delhi,DL,India,in,0,GeoNames,CC BY 4.0,https://www.geonames.org/datasources/
Draup,12.9332887,77.6148363,"Draup, Jyoti Nivas College Road, Kormangala West, Bengaluru - 560095, KA, India",Draup,,Bengaluru South City Corporation,Jyoti Nivas College Road,560095,Kormangala West,Bengaluru,Bangalore South,BN,Karnataka,KA,India,in,0,© OpenStreetMap contributors,Open Database License,https://www.openstreetmap.org/copyright
Software,28.4917497,77.074302,"Nagarro Software Pvt Ltd, 13, Subedar Major Laxmi Chand Road, Sector 18, Gurgaon - 122016, HR, India",Nagarro Software Pvt Ltd,13,Gurgaon,Subedar Major Laxmi Chand Road,122016,Sector 18,Gurgaon,,,Haryana,HR,India,in,0,© OpenStreetMap contributors,Open Database License,https://www.openstreetmap.org/copyright
Infoplus Technologies UK,28.65003,77.23144,"PointerSoft Technologies Pvt Lmt, Jama Masjid, Delhi, South West Delhi, India",PointerSoft Technologies Pvt Lmt,,,,,Jama Masjid,Delhi,South West Delhi,SW,Delhi,DL,India,in,0,GeoNames,CC BY 4.0,https://www.geonames.org/datasources/
Verolt,,,,,,,,,,,,,,,,,,,,
Gaana,12.9058151,77.5675439,"Gaana Residency, Chandranagara, Bengaluru - 560111, KA, India",Gaana Residency,,Bengaluru South City Corporation,Gaana Residency,560111,Chandranagara,Bengaluru,Bangalore South,BN,Karnataka,KA,India,in,0,© OpenStreetMap contributors,Open Database License,https://www.openstreetmap.org/copyright
Nickelfox Technologies,28.65003,77.23144,"PointerSoft Technologies Pvt Lmt, Jama Masjid, Delhi, South West Delhi, India",PointerSoft Technologies Pvt Lmt,,,,,Jama Masjid,Delhi,South West Delhi,SW,Delhi,DL,India,in,0,GeoNames,CC BY 4.0,https://www.geonames.org/datasources/
Tripoto,,,,,,,,,,,,,,,,,,,,
Adaequare,,,,,,,,,,,,,,,,,,,,
smartSense Consulting Solutions,22.5696848,88.4365441,"Geforce Consulting Solutions Pvt. Ltd., 7th Floor, K-1, Manibhandar Building, Module 7A, Ring Road, Sector V, Bidhannagar - 700091, WB, India",Geforce Consulting Solutions Pvt. Ltd.,"7th Floor, K-1, Manibhandar Building, Module 7A",GP Block,Ring Road,700091,Sector V,Bidhannagar,Bidhannagar,PS,West Bengal,WB,India,in,0,© OpenStreetMap contributors,Open Database License,https://www.openstreetmap.org/copyright
Collabera India,28.193235,94.154038,"Arunachal Pradesh, India",Arunachal Pradesh,,,,,,,,,,,India,in,1,Who's On First,CC0,https://www.whosonfirst.org/docs/licenses/
Airmeet,,,,,,,,,,,,,,,,,,,,
NewVision Software,25.34526,72.6269381,"Software Technology, Shop No.17-19, NH325, Jalore - 343001, RJ, India",Software Technology,Shop No.17-19,,NH325,343001,,Jalore,Jalor Tehsil,JL,Rajasthan,RJ,India,in,0,© OpenStreetMap contributors,Open Database License,https://www.openstreetmap.org/copyright
InheritX Solutions,12.98049,77.60469,"Mobipro Solutions, Bangalore, India",Mobipro Solutions,,East Bangalore,,,Mobipro Solutions,Bangalore,Bangalore,,Karnataka,KA,India,in,0,Who's On First,CC0,https://www.whosonfirst.org/docs/licenses/
SMS,9.9491688,76.2993943,"SMS Sereniti, Panampilly Nagar, Ernakulam, Kanayannur, India",SMS Sereniti,,,,,Panampilly Nagar,Ernakulam,Kanayannur,,Kerala,KL,India,in,0,© OpenStreetMap contributors,Open Database License,https://www.openstreetmap.org/copyright
Godrej Infotech,19.105434,72.9231706,"Godrej Infotech, Lal Bahadur Shastri Marg, Pirojsha Godrej Nagar, Mumbai - 400079, MH, India",Godrej Infotech,,Mumbai Zone 6,Lal Bahadur Shastri Marg,400079,Pirojsha Godrej Nagar,Mumbai,Mumbai Suburban District,,Maharashtra,MH,India,in,0,© OpenStreetMap contributors,Open Database License,https://www.openstreetmap.org/copyright
IDrive Software India,25.34526,72.6269381,"Software Technology, Shop No.17-19, NH325, Jalore - 343001, RJ, India",Software Technology,Shop No.17-19,,NH325,343001,,Jalore,Jalor Tehsil,JL,Rajasthan,RJ,India,in,0,© OpenStreetMap contributors,Open Database License,https://www.openstreetmap.org/copyright
StartUP,12.916116,77.630588,"GreenBubbles Startup Services Pvt. Ltd., L165, Outer Ring Road, HSR Layout, Bengaluru - 560102, KA, India",GreenBubbles Startup Services Pvt. Ltd.,L165,Bengaluru South City Corporation,Outer Ring Road,560102,HSR Layout,Bengaluru,Bangalore South,,Karnataka,KA,India,in,0,© OpenStreetMap contributors,Open Database License,https://www.openstreetmap.org/copyright
mphrX,,,,,,,,,,,,,,,,,,,,
WebEngage,,,,,,,,,,,,,,,,,,,,
ProTechmanize Solutions,12.98049,77.60469,"Mobipro Solutions, Bangalore, India",Mobipro Solutions,,East Bangalore,,,Mobipro Solutions,Bangalore,Bangalore,,Karnataka,KA,India,in,0,Who's On First,CC0,https://www.whosonfirst.org/docs/licenses/
Avanze,,,,,,,,,,,,,,,,,,,,
Eastern Enterprise,18.9702029,84.3669571,"Eastern Ghats, Burakhat, Ramagiri, India",Eastern Ghats,,,,,,Burakhat,Ramagiri,GP,Odisha,OR,India,in,0,© OpenStreetMap contributors,Open Database License,https://www.openstreetmap.org/copyright
Quess GTS,9.585111,76.611541,"Govt Gts School Junction, Kottayam, India",,,,,,,Govt Gts School Junction,Kottayam,,Kerala,KL,India,in,0,Who's On First,CC0,https://www.whosonfirst.org/docs/licenses/
Reverie Language Technologies,,,,,,,,,,,,,,,,,,,,
Deqode,,,,,,,,,,,,,,,,,,,,
Benchmark IT Solutions,12.871548,77.5957151,"Klassik Benchmark, Yelenahalli, Bengaluru - 560076, KA, India",Klassik Benchmark,,Bengaluru South City Corporation,Klassik Benchmark,560076,Yelenahalli,Bengaluru,Bangalore South,BN,Karnataka,KA,India,in,0,© OpenStreetMap contributors,Open Database License,https://www.openstreetmap.org/copyright
Pinga Solution,25.624946,85.05557,"Print Solution, 2, Gola Road, Danapur, Dinapore - 801503, BR, India",Print Solution,2,,"Gola Road, Danapur",801503,,Dinapore,Patna,PA,Bihar,BR,India,in,0,© OpenStreetMap contributors,Open Database License,https://www.openstreetmap.org/copyright
Embitel Technologies,28.65003,77.23144,"PointerSoft Technologies Pvt Lmt, Jama Masjid, Delhi, South West Delhi, India",PointerSoft Technologies Pvt Lmt,,,,,Jama Masjid,Delhi,South West Delhi,SW,Delhi,DL,India,in,0,GeoNames,CC BY 4.0,https://www.geonames.org/datasources/
ZIGRAM,,,,,,,,,,,,,,,,,,,,
BridgeLabz,,,,,,,,,,,,,,,,,,,,
Tech Connect Services,10.1127581,76.2019432,"12pt Publishing Tech & Design Services, Cheruvypu jn, Kuzhupilly, Vypin - Pallippuram Road, Pallathamkulangara, Kuzhupilly - 682501, KL, India",12pt Publishing Tech & Design Services,"Cheruvypu jn, Kuzhupilly",Pallathamkulangara,Vypin - Pallippuram Road,682501,,Kuzhupilly,Kochi,ER,Kerala,KL,India,in,0,© OpenStreetMap contributors,Open Database License,https://www.openstreetmap.org/copyright
HELM360,,,,,,,,,,,,,,,,,,,,
Federal Soft Systems,10.3339305,76.1774681,"Federal Bank, Potta - Moonupeedika Road, Irinjalakuda - 680122, KL, India",Federal Bank,,,Potta - Moonupeedika Road,680122,,Irinjalakuda,Mukundapuram,TS,Kerala,KL,India,in,0,© OpenStreetMap contributors,Open Database License,https://www.openstreetmap.org/copyright
Vagaro Inc,22.31028,73.16672,"Webmyne INC, Vadodara, India",Webmyne INC,,,,,Webmyne INC,Vadodara,Vadodara,,Gujarat,GJ,India,in,0,Who's On First,CC0,https://www.whosonfirst.org/docs/licenses/
eProcurement Technologies,28.65003,77.23144,"PointerSoft Technologies Pvt Lmt, Jama Masjid, Delhi, South West Delhi, India",PointerSoft Technologies Pvt Lmt,,,,,Jama Masjid,Delhi,South West Delhi,SW,Delhi,DL,India,in,0,GeoNames,CC BY 4.0,https://www.geonames.org/datasources/
Nascent Info Technologies,,,,,,,,,,,,,,,,,,,,
Ellicium Solutions,12.98049,77.60469,"Mobipro Solutions, Bangalore, India",Mobipro Solutions,,East Bangalore,,,Mobipro Solutions,Bangalore,Bangalore,,Karnataka,KA,India,in,0,Who's On First,CC0,https://www.whosonfirst.org/docs/licenses/
Awign,,,,,,,,,,,,,,,,,,,,
LRS Services,22.217069,84.878696,"LRS-II, Raurkela - 769017, OR, India",,,,LRS-II,769017,,Raurkela,Sundargarh,SU,Odisha,OR,India,in,0,© OpenStreetMap contributors,Open Database License,https://www.openstreetmap.org/copyright
Caelius Consulting,28.4935315,77.088317,"Boston Consulting Group, DLF Tower 10th Road, Sector 25A, Gurgaon - 122010, HR, India",Boston Consulting Group,,Gurgaon,DLF Tower 10th Road,122010,Sector 25A,Gurgaon,Gurugram,GG,Haryana,HR,India,in,0,© OpenStreetMap contributors,Open Database License,https://www.openstreetmap.org/copyright
Excelacom Technologies,28.65003,77.23144,"PointerSoft Technologies Pvt Lmt, Jama Masjid, Delhi, South West Delhi, India",PointerSoft Technologies Pvt Lmt,,,,,Jama Masjid,Delhi,South West Delhi,SW,Delhi,DL,India,in,0,GeoNames,CC BY 4.0,https://www.geonames.org/datasources/
Softlogic Systems,22.304211,73.165385,"Omikron Systems, 205 & 206, SAKAR Complex, Old Padra Road, Vadodara - 390007, GJ, India",Omikron Systems,"205 & 206, SAKAR Complex",,Old Padra Road,390007,,Vadodara,Vadodara,,Gujarat,GJ,India,in,0,© OpenStreetMap contributors,Open Database License,https://www.openstreetmap.org/copyright
Corent Technology,,,,,,,,,,,,,,,,,,,,
ABSYZ Inc,22.31028,73.16672,"Webmyne INC, Vadodara, India",Webmyne INC,,,,,Webmyne INC,Vadodara,Vadodara,,Gujarat,GJ,India,in,0,Who's On First,CC0,https://www.whosonfirst.org/docs/licenses/
UrbanPiper,12.9701504,77.7310698,"UrbanPiper, 204, Vydehi Hospital Road, Kundalahalli, Bengaluru - 560066, KA, India",UrbanPiper,204,Bengaluru East City Corporation,Vydehi Hospital Road,560066,Kundalahalli,Bengaluru,Bangalore East,BN,Karnataka,KA,India,in,0,© OpenStreetMap contributors,Open Database License,https://www.openstreetmap.org/copyright
SoftSol,17.4395782,78.378051,"SoftSol, Inorbit Mall Road, Madhapur, Hyderabad - 996544, TG, India",SoftSol,,West Zone,Inorbit Mall Road,996544,Madhapur,Hyderabad,Serilingampalle mandal,HY,Telangana,TG,India,in,0,© OpenStreetMap contributors,Open Database License,https://www.openstreetmap.org/copyright
GlobalEdge,,,,,,,,,,,,,,,,,,,,
BPK Technologies,28.65003,77.23144,"PointerSoft Technologies Pvt Lmt, Jama Masjid, Delhi, South West Delhi, India",PointerSoft Technologies Pvt Lmt,,,,,Jama Masjid,Delhi,South West Delhi,SW,Delhi,DL,India,in,0,GeoNames,CC BY 4.0,https://www.geonames.org/datasources/
AM Research,9.6165408,77.1436179,"Kumily Waste Management Study And Research Center, Adimaly - Kumily Highway, Murickady - 685535, KL, India",Kumily Waste Management Study And Research Center,,,Adimaly - Kumily Highway,685535,,Murickady,Peerumade,,Kerala,KL,India,in,0,© OpenStreetMap contributors,Open Database License,https://www.openstreetmap.org/copyright
Inspiredge IT Solutions,,,,,,,,,,,,,,,,,,,,
Inflow Technologies,28.65003,77.23144,"PointerSoft Technologies Pvt Lmt, Jama Masjid, Delhi, South West Delhi, India",PointerSoft Technologies Pvt Lmt,,,,,Jama Masjid,Delhi,South West Delhi,SW,Delhi,DL,India,in,0,GeoNames,CC BY 4.0,https://www.geonames.org/datasources/
Enhancesys Innovations,17.4523593,78.3628041,"Euclid Innovations, 650 SLN Terminus, Gachibowli - Miyapur Highway, Ward 106 Serilingampally, Hyderabad - 500084, TG, India",Euclid Innovations,650 SLN Terminus,Studiorigin - Interior Designer in Hyderabad,Gachibowli - Miyapur Highway,500084,Ward 106 Serilingampally,Hyderabad,Serilingampalle mandal,HY,Telangana,TG,India,in,0,© OpenStreetMap contributors,Open Database License,https://www.openstreetmap.org/copyright
Indusface,,,,,,,,,,,,,,,,,,,,
SELP,,,,,,,,,,,,,,,,,,,,
e,,,,,,,,,,,,,,,,,,,,
Opsera,,,,,,,,,,,,,,,,,,,,
Smartedge Solutions,12.98049,77.60469,"Mobipro Solutions, Bangalore, India",Mobipro Solutions,,East Bangalore,,,Mobipro Solutions,Bangalore,Bangalore,,Karnataka,KA,India,in,0,Who's On First,CC0,https://www.whosonfirst.org/docs/licenses/
Privafy,,,,,,,,,,,,,,,,,,,,
LSA Recruit,13.147494,79.83848,"Police Recruit School Thiruvallur, - 631203, TN, India",,,,Police Recruit School Thiruvallur,631203,,,Thiruvallur,TL,Tamil Nadu,TN,India,in,0,© OpenStreetMap contributors,Open Database License,https://www.openstreetmap.org/copyright
"Netenrich,",,,,,,,,,,,,,,,,,,,,
National Computer Systems,28.6119151,77.2196391,"National Museum, Janpath, Chanakya Puri Tehsil, New Delhi - 020626, India",National Museum,,,Janpath,020626,Chanakya Puri Tehsil,New Delhi,,,,,India,in,,© OpenStreetMap contributors,Open Database License,https://www.openstreetmap.org/copyright
UniqueHire Consulting LLP,28.5480737,77.2533897,"Simran Consulting LLP, 89, Nehru Place, Kalkaji Tehsil, Delhi - 110019, DL, India",Simran Consulting LLP,89,South East Delhi,Nehru Place,110019,Kalkaji Tehsil,Delhi,South West Delhi,SW,Delhi,DL,India,in,0,© OpenStreetMap contributors,Open Database License,https://www.openstreetmap.org/copyright
"Estuate,",,,,,,,,,,,,,,,,,,,,
Bourntec Solutions Inc,,,,,,,,,,,,,,,,,,,,
Inventech Info Solutions,22.5541975,72.9478591,"Ananya Info Solutions, SF-229, NARAYAN EMPIRE, ANAND VIDYA NAGAR ROAD, Anand - 388001, GJ, India",Ananya Info Solutions,"SF-229, NARAYAN EMPIRE",,ANAND VIDYA NAGAR ROAD,388001,,Anand,Anand City Taluka,AN,Gujarat,GJ,India,in,0,© OpenStreetMap contributors,Open Database License,https://www.openstreetmap.org/copyright
InfoVision Labs,13.01012,77.644967,"Saartha Labs Private Labs, 12, 2nd floor, Banaswadi Main Road, Banasavadi, Bangalore - 560043, KA, India",Saartha Labs Private Labs,"12, 2nd floor",East Bangalore,Banaswadi Main Road,560043,Banasavadi,Bangalore,Bangalore,BN,Karnataka,KA,India,in,0,© OpenStreetMap contributors,Open Database License,https://www.openstreetmap.org/copyright
Numeric Technologies,28.65003,77.23144,"PointerSoft Technologies Pvt Lmt, Jama Masjid, Delhi, South West Delhi, India",PointerSoft Technologies Pvt Lmt,,,,,Jama Masjid,Delhi,South West Delhi,SW,Delhi,DL,India,in,0,GeoNames,CC BY 4.0,https://www.geonames.org/datasources/
Serole Technologies,,,,,,,,,,,,,,,,,,,,
Provar Testing,13.1889086,80.3147634,"Chinnus Blood Testing, Chennai - Ennore Expressway Road, Zone 1 Tiruvottiyur, Chennai - 600057, TN, India",Chinnus Blood Testing,,CMWSSB Division 5,Chennai - Ennore Expressway Road,600057,Zone 1 Tiruvottiyur,Chennai,Mathavaram,CH,Tamil Nadu,TN,India,in,0,© OpenStreetMap contributors,Open Database License,https://www.openstreetmap.org/copyright
Minfy,,,,,,,,,,,,,,,,,,,,
Fint Solutions,12.98049,77.60469,"Mobipro Solutions, Bangalore, India",Mobipro Solutions,,East Bangalore,,,Mobipro Solutions,Bangalore,Bangalore,,Karnataka,KA,India,in,0,Who's On First,CC0,https://www.whosonfirst.org/docs/licenses/
Cavista,,,,,,,,,,,,,,,,,,,,
"FourKites,",,,,,,,,,,,,,,,,,,,,
IDS NEXT Business Solutions,,,,,,,,,,,,,,,,,,,,
VMock,,,,,,,,,,,,,,,,,,,,
TraceLink,,,,,,,,,,,,,,,,,,,,
AIS Technolabs,11.0691734,76.5175355,"Ais Karuvara, Mannarkkad-Aanakkati Road, Anamooly, Agali - 678582, KL, India",Ais Karuvara,,Anamooly,Mannarkkad-Aanakkati Road,678582,,Agali,Mannarkad,PL,Kerala,KL,India,in,0,© OpenStreetMap contributors,Open Database License,https://www.openstreetmap.org/copyright
Trineo,,,,,,,,,,,,,,,,,,,,
BenQ India,28.193235,94.154038,"Arunachal Pradesh, India",Arunachal Pradesh,,,,,,,,,,,India,in,1,Who's On First,CC0,https://www.whosonfirst.org/docs/licenses/
i2k2 Networks,12.9256413,77.6863239,"Applogic Networks, 1A, RMZ Ecoworld Internal Road, Shivanasamudra Ward, Bengaluru - 560103, KA, India",Applogic Networks,1A,Bengaluru East City Corporation,RMZ Ecoworld Internal Road,560103,Shivanasamudra Ward,Bengaluru,Bangalore East,BN,Karnataka,KA,India,in,0,© OpenStreetMap contributors,Open Database License,https://www.openstreetmap.org/copyright
freeskout,,,,,,,,,,,,,,,,,,,,
Infodart Technologies,28.65003,77.23144,"PointerSoft Technologies Pvt Lmt, Jama Masjid, Delhi, South West Delhi, India",PointerSoft Technologies Pvt Lmt,,,,,Jama Masjid,Delhi,South West Delhi,SW,Delhi,DL,India,in,0,GeoNames,CC BY 4.0,https://www.geonames.org/datasources/
"Cavisson Systems,",22.304211,73.165385,"Omikron Systems, 205 & 206, SAKAR Complex, Old Padra Road, Vadodara - 390007, GJ, India",Omikron Systems,"205 & 206, SAKAR Complex",,Old Padra Road,390007,,Vadodara,Vadodara,,Gujarat,GJ,India,in,0,© OpenStreetMap contributors,Open Database License,https://www.openstreetmap.org/copyright
MultiQoS Technologies,28.65003,77.23144,"PointerSoft Technologies Pvt Lmt, Jama Masjid, Delhi, South West Delhi, India",PointerSoft Technologies Pvt Lmt,,,,,Jama Masjid,Delhi,South West Delhi,SW,Delhi,DL,India,in,0,GeoNames,CC BY 4.0,https://www.geonames.org/datasources/
Dynalog India,,,,,,,,,,,,,,,,,,,,
Norwin Technologies,28.65003,77.23144,"PointerSoft Technologies Pvt Lmt, Jama Masjid, Delhi, South West Delhi, India",PointerSoft Technologies Pvt Lmt,,,,,Jama Masjid,Delhi,South West Delhi,SW,Delhi,DL,India,in,0,GeoNames,CC BY 4.0,https://www.geonames.org/datasources/
Nature Technologies,28.65003,77.23144,"PointerSoft Technologies Pvt Lmt, Jama Masjid, Delhi, South West Delhi, India",PointerSoft Technologies Pvt Lmt,,,,,Jama Masjid,Delhi,South West Delhi,SW,Delhi,DL,India,in,0,GeoNames,CC BY 4.0,https://www.geonames.org/datasources/
2iSolutions,,,,,,,,,,,,,,,,,,,,
Hammer,32.2517762,76.3292651,"Golden Hammer Woodcarving, Dharamkot - Haini Road, Dharamkot - 176219, HP, India",Golden Hammer Woodcarving,,,Dharamkot - Haini Road,176219,,Dharamkot,Dharamshala,KA,Himachal Pradesh,HP,India,in,0,© OpenStreetMap contributors,Open Database License,https://www.openstreetmap.org/copyright
Indus Net Technologies,23.132693,87.631443,"Indus, Bankura, India",,,,,,,Indus,Bankura,,West Bengal,WB,India,in,0,Who's On First,CC0,https://www.whosonfirst.org/docs/licenses/
Cystems Logic Inc,,,,,,,,,,,,,,,,,,,,
IAP Company,13.0157268,77.5694163,"Instrumentation and Applied Physics, Mirinji Marg, Sadashivanagar, Bengaluru - 560012, KA, India",Instrumentation and Applied Physics,,Bengaluru West City Corporation,Mirinji Marg,560012,Sadashivanagar,Bengaluru,Bangalore North,BN,Karnataka,KA,India,in,0,© OpenStreetMap contributors,Open Database License,https://www.openstreetmap.org/copyright
Trangile Services,30.111017,78.2825,"Services, Someshwar Nagar, Rishikesh - 249201, UT, India",,,,Services,249201,Someshwar Nagar,Rishikesh,Dehradun,DD,Uttarakhand,UT,India,in,0,© OpenStreetMap contributors,Open Database License,https://www.openstreetmap.org/copyright
EverestEngineering,,,,,,,,,,,,,,,,,,,,
RecruitNXT,,,,,,,,,,,,,,,,,,,,
JetSynthesys,,,,,,,,,,,,,,,,,,,,
Saviance Technologies,28.65003,77.23144,"PointerSoft Technologies Pvt Lmt, Jama Masjid, Delhi, South West Delhi, India",PointerSoft Technologies Pvt Lmt,,,,,Jama Masjid,Delhi,South West Delhi,SW,Delhi,DL,India,in,0,GeoNames,CC BY 4.0,https://www.geonames.org/datasources/
Verinite,,,,,,,,,,,,,,,,,,,,
nCircle Tech,12.9226966,80.1279616,"TECH ZONE, 1, Velachery Main Road, East Tambaram, Tambaram - 600059, TN, India",TECH ZONE,1,,Velachery Main Road,600059,East Tambaram,Tambaram,Tambaram,KC,Tamil Nadu,TN,India,in,0,© OpenStreetMap contributors,Open Database License,https://www.openstreetmap.org/copyright
Purplle.com,,,,,,,,,,,,,,,,,,,,
Panamax,,,,,,,,,,,,,,,,,,,,
Haptik,,,,,,,,,,,,,,,,,,,,
Jeavio,,,,,,,,,,,,,,,,,,,,
SCORG International Consulting,,,,,,,,,,,,,,,,,,,,
TechnoBind Solutions,12.98049,77.60469,"Mobipro Solutions, Bangalore, India",Mobipro Solutions,,East Bangalore,,,Mobipro Solutions,Bangalore,Bangalore,,Karnataka,KA,India,in,0,Who's On First,CC0,https://www.whosonfirst.org/docs/licenses/
EventBeep,,,,,,,,,,,,,,,,,,,,
Smaartt Digital Consulting,,,,,,,,,,,,,,,,,,,,
Qwikcilver Solutions,12.98049,77.60469,"Mobipro Solutions, Bangalore, India",Mobipro Solutions,,East Bangalore,,,Mobipro Solutions,Bangalore,Bangalore,,Karnataka,KA,India,in,0,Who's On First,CC0,https://www.whosonfirst.org/docs/licenses/
Benison Technologies,12.915981,77.651606,"Foradian Technologies, 2569/665, 27th Main Rd, 1st Sector, HSR Layout, HSR Layout, Bangalore - 560102, KA, India",Foradian Technologies,2569/665,Bommanahalli ,"27th Main Rd, 1st Sector, HSR Layout",560102,HSR Layout,Bangalore,Bangalore,BN,Karnataka,KA,India,in,0,© OpenStreetMap contributors,Open Database License,https://www.openstreetmap.org/copyright
Pratiti Technologies,28.65003,77.23144,"PointerSoft Technologies Pvt Lmt, Jama Masjid, Delhi, South West Delhi, India",PointerSoft Technologies Pvt Lmt,,,,,Jama Masjid,Delhi,South West Delhi,SW,Delhi,DL,India,in,0,GeoNames,CC BY 4.0,https://www.geonames.org/datasources/
Sagarsoft,,,,,,,,,,,,,,,,,,,,
Technovert,17.4373379,78.393206,"Technovert, kavuri hills road, Madhapur, Hyderabad - 800081, TG, India",Technovert,,Kavuri Hills,kavuri hills road,800081,Madhapur,Hyderabad,Serilingampalle mandal,HY,Telangana,TG,India,in,0,© OpenStreetMap contributors,Open Database License,https://www.openstreetmap.org/copyright
Aabasoft,9.9946969,76.3520125,"Aabasoft, Seaport Airport Road, Ernakulam - 682037, KL, India",Aabasoft,,,Seaport Airport Road,682037,,Ernakulam,Kanayannur,ER,Kerala,KL,India,in,0,© OpenStreetMap contributors,Open Database License,https://www.openstreetmap.org/copyright
Auriga IT Consulting,,,,,,,,,,,,,,,,,,,,
SmartKargo,,,,,,,,,,,,,,,,,,,,
Hoonartek,,,,,,,,,,,,,,,,,,,,
Krish TechnoLabs,13.0920663,80.2817503,"Krish Lites, Govindappa Naicken Street, Zone 5 Royapuram, Chennai - 600079, TN, India",Krish Lites,,CMWSSB Division 57,Govindappa Naicken Street,600079,Zone 5 Royapuram,Chennai,Chennai,CH,Tamil Nadu,TN,India,in,0,© OpenStreetMap contributors,Open Database License,https://www.openstreetmap.org/copyright
Dion Global Solutions,9.9625939,76.2417663,"Dion homestay, Vadathaza Lane, Fort Kochi, Kochi - 682001, KL, India",Dion homestay,,Vadathaza,Vadathaza Lane,682001,Fort Kochi,Kochi,Kochi,ER,Kerala,KL,India,in,0,© OpenStreetMap contributors,Open Database License,https://www.openstreetmap.org/copyright
OnGraph Technologies,28.65003,77.23144,"PointerSoft Technologies Pvt Lmt, Jama Masjid, Delhi, South West Delhi, India",PointerSoft Technologies Pvt Lmt,,,,,Jama Masjid,Delhi,South West Delhi,SW,Delhi,DL,India,in,0,GeoNames,CC BY 4.0,https://www.geonames.org/datasources/
Rrootshell Technologiiss,,,,,,,,,,,,,,,,,,,,
mokSa Technologies,28.65003,77.23144,"PointerSoft Technologies Pvt Lmt, Jama Masjid, Delhi, South West Delhi, India",PointerSoft Technologies Pvt Lmt,,,,,Jama Masjid,Delhi,South West Delhi,SW,Delhi,DL,India,in,0,GeoNames,CC BY 4.0,https://www.geonames.org/datasources/
Facilio,,,,,,,,,,,,,,,,,,,,
Maven Wave,12.9507013,77.6235404,"Maven Kitchen, Ejipura Main Road, Ambedkarnagar, Bengaluru - 560095, KA, India",Maven Kitchen,,Bengaluru Central City Corporation,Ejipura Main Road,560095,Ambedkarnagar,Bengaluru,Bangalore North,BN,Karnataka,KA,India,in,0,© OpenStreetMap contributors,Open Database License,https://www.openstreetmap.org/copyright
Intellect Bizware Services,,,,,,,,,,,,,,,,,,,,
Gameskraft,,,,,,,,,,,,,,,,,,,,
Itlize Global,27.501023,82.794713,"Global, Barhani Bazar, Siddharth Nagar, India",Global,,,,,,Barhani Bazar,Siddharth Nagar,SN,Uttar Pradesh,UP,India,in,0,© OpenStreetMap contributors,Open Database License,https://www.openstreetmap.org/copyright
Webomaze Technologies,28.65003,77.23144,"PointerSoft Technologies Pvt Lmt, Jama Masjid, Delhi, South West Delhi, India",PointerSoft Technologies Pvt Lmt,,,,,Jama Masjid,Delhi,South West Delhi,SW,Delhi,DL,India,in,0,GeoNames,CC BY 4.0,https://www.geonames.org/datasources/
Xicom Technologies,28.65003,77.23144,"PointerSoft Technologies Pvt Lmt, Jama Masjid, Delhi, South West Delhi, India",PointerSoft Technologies Pvt Lmt,,,,,Jama Masjid,Delhi,South West Delhi,SW,Delhi,DL,India,in,0,GeoNames,CC BY 4.0,https://www.geonames.org/datasources/
Sphinx Worldbiz,28.3924898,77.0589534,"SphinX, GF-24, Kadarpur Road, Sector 65, Gurgaon - 122008, HR, India",SphinX,GF-24,Gurgaon,Kadarpur Road,122008,Sector 65,Gurgaon,Gurugram,GG,Haryana,HR,India,in,0,© OpenStreetMap contributors,Open Database License,https://www.openstreetmap.org/copyright
Eze Software,25.595974,94.384184,"ezeri (literal translation eze means sea/lake, ri is river), Chizami - 797107, NL, India",,,,"ezeri (literal translation eze means sea/lake, ri is river)",797107,,Chizami,Phek,PH,Nagaland,NL,India,in,0,© OpenStreetMap contributors,Open Database License,https://www.openstreetmap.org/copyright
IDMWORKS,,,,,,,,,,,,,,,,,,,,
Teksun Inc,22.31028,73.16672,"Webmyne INC, Vadodara, India",Webmyne INC,,,,,Webmyne INC,Vadodara,Vadodara,,Gujarat,GJ,India,in,0,Who's On First,CC0,https://www.whosonfirst.org/docs/licenses/
ixigo,,,,,,,,,,,,,,,,,,,,
Potomac Technologies,12.3252959,76.625107,"Potomac Hills, 2906/1, Gokulam Main Road, Jayalakshmipuram, Mysuru - 570001, KA, India",Potomac Hills,2906/1,,Gokulam Main Road,570001,Jayalakshmipuram,Mysuru,Mysuru taluk,MY,Karnataka,KA,India,in,0,© OpenStreetMap contributors,Open Database License,https://www.openstreetmap.org/copyright
Panamax Infotech,26.82399,75.54525,"Vatika Infotech City, Jaipur, India",,,,,,,Vatika Infotech City,Jaipur,,Rajasthan,RJ,India,in,0,Who's On First,CC0,https://www.whosonfirst.org/docs/licenses/
RT Outsourcing Services,,,,,,,,,,,,,,,,,,,,
CoreFlex Solutions,12.98049,77.60469,"Mobipro Solutions, Bangalore, India",Mobipro Solutions,,East Bangalore,,,Mobipro Solutions,Bangalore,Bangalore,,Karnataka,KA,India,in,0,Who's On First,CC0,https://www.whosonfirst.org/docs/licenses/
Cogencis Information Services,17.529614,78.399842,"Indian National Centre for Ocean Information Services, Gajula Ramaram, Hyderabad - 500117, AP, India",,,North Zone,Indian National Centre for Ocean Information Services,500117,Gajula Ramaram,Hyderabad,Hyderabad,HY,Andhra Pradesh,AP,India,in,0,© OpenStreetMap contributors,Open Database License,https://www.openstreetmap.org/copyright
Protean eGov Technologies,,,,,,,,,,,,,,,,,,,,
Bhavna Corp.,22.608133,73.807717,"Bhavna Falia, Dahod, India",,,,,,,Bhavna Falia,Dahod,,Gujarat,GJ,India,in,0,Who's On First,CC0,https://www.whosonfirst.org/docs/licenses/
DigiMantra Labs,13.01012,77.644967,"Saartha Labs Private Labs, 12, 2nd floor, Banaswadi Main Road, Banasavadi, Bangalore - 560043, KA, India",Saartha Labs Private Labs,"12, 2nd floor",East Bangalore,Banaswadi Main Road,560043,Banasavadi,Bangalore,Bangalore,BN,Karnataka,KA,India,in,0,© OpenStreetMap contributors,Open Database License,https://www.openstreetmap.org/copyright
Paycraft Solutions,12.98049,77.60469,"Mobipro Solutions, Bangalore, India",Mobipro Solutions,,East Bangalore,,,Mobipro Solutions,Bangalore,Bangalore,,Karnataka,KA,India,in,0,Who's On First,CC0,https://www.whosonfirst.org/docs/licenses/
TechMatrix Consulting,28.4935315,77.088317,"Boston Consulting Group, DLF Tower 10th Road, Sector 25A, Gurgaon - 122010, HR, India",Boston Consulting Group,,Gurgaon,DLF Tower 10th Road,122010,Sector 25A,Gurgaon,Gurugram,GG,Haryana,HR,India,in,0,© OpenStreetMap contributors,Open Database License,https://www.openstreetmap.org/copyright
FSL Software Technologies,13.026214,77.635813,"Ambara Software Technologies, Kacharkanahalli, Bangalore - 560043, KA, India",Ambara Software Technologies,,East Bangalore,,560043,Kacharkanahalli,Bangalore,Bangalore,BN,Karnataka,KA,India,in,0,© OpenStreetMap contributors,Open Database License,https://www.openstreetmap.org/copyright
CoreCard India,28.193235,94.154038,"Arunachal Pradesh, India",Arunachal Pradesh,,,,,,,,,,,India,in,1,Who's On First,CC0,https://www.whosonfirst.org/docs/licenses/
EverQuote,,,,,,,,,,,,,,,,,,,,
Team Recykal,17.5151659,78.4883232,"Team HDPC, 202, Panchsheel Enclave Lane no 11, Ward 133 Macha Bolarum, Hyderabad - 500010, TG, India",Team HDPC,202,Greater Hyderabad Municipal Corporation North Zone,Panchsheel Enclave Lane no 11,500010,Ward 133 Macha Bolarum,Hyderabad,Alwal mandal,RA,Telangana,TG,India,in,0,© OpenStreetMap contributors,Open Database License,https://www.openstreetmap.org/copyright
Real Time Data Services,,,,,,,,,,,,,,,,,,,,
bijnis,,,,,,,,,,,,,,,,,,,,
Vitech Systems Asia,18.5461883,73.8169543,"Food Systems Asia, Abhimanshree Society Road, Aundh, Pune - 411001, MH, India",Food Systems Asia,,Aundh,Abhimanshree Society Road,411001,,Pune,Pune City,PU,Maharashtra,MH,India,in,0,© OpenStreetMap contributors,Open Database License,https://www.openstreetmap.org/copyright
Sourcebits Digital,12.936467,77.6909742,"Sourcebits (Ascendum Digital), 2nd Floor, A Block, Salarpuria Aura, Service Road, Panathur, Bengaluru - 560103, KA, India",Sourcebits (Ascendum Digital),"2nd Floor, A Block, Salarpuria Aura,",Bengaluru East City Corporation,Service Road,560103,Panathur,Bengaluru,Bangalore East,,Karnataka,KA,India,in,0,© OpenStreetMap contributors,Open Database License,https://www.openstreetmap.org/copyright
Fiorano Software,25.34526,72.6269381,"Software Technology, Shop No.17-19, NH325, Jalore - 343001, RJ, India",Software Technology,Shop No.17-19,,NH325,343001,,Jalore,Jalor Tehsil,JL,Rajasthan,RJ,India,in,0,© OpenStreetMap contributors,Open Database License,https://www.openstreetmap.org/copyright
Jekson Vision,30.0424553,76.3119938,"Velvet Vision, Guhla Road, Cheeka - 136035, HR, India",Velvet Vision,,,Guhla Road,136035,,Cheeka,Guhla,KT,Haryana,HR,India,in,0,© OpenStreetMap contributors,Open Database License,https://www.openstreetmap.org/copyright
Relevance Lab,15.4123064,73.9785167,"lab, 123, GEC Slope, Farmagudi, Ponda - 403401, GA, India",lab,123,,GEC Slope,403401,Farmagudi,Ponda,Ponda,NG,Goa,GA,India,in,0,© OpenStreetMap contributors,Open Database License,https://www.openstreetmap.org/copyright
LearnQuest,,,,,,,,,,,,,,,,,,,,
Salesken,,,,,,,,,,,,,,,,,,,,
Eightfold,12.936401,77.6108471,"Eightfold AI, Hosur Road, Lakkasandra, Bengaluru - 560029, KA, India",Eightfold AI,,Bengaluru South City Corporation,Hosur Road,560029,Lakkasandra,Bengaluru,Bangalore South,BN,Karnataka,KA,India,in,0,© OpenStreetMap contributors,Open Database License,https://www.openstreetmap.org/copyright
Eximius Design,18.5633682,73.7727798,"Ticket Design, 87/ 20, Rajyog Internal Lane, Baner, Pune - 411045, MH, India",Ticket Design,87/ 20,Aundh,Rajyog Internal Lane,411045,Baner,Pune,Pune City,PU,Maharashtra,MH,India,in,0,© OpenStreetMap contributors,Open Database License,https://www.openstreetmap.org/copyright
AmpleLogic,,,,,,,,,,,,,,,,,,,,
M3BI,,,,,,,,,,,,,,,,,,,,
McKinley Rice,11.7080901,75.5350958,"Morgan McKinley, Boulevard Road, Mahe - 673310, PY, India",Morgan McKinley,,,Boulevard Road,673310,,Mahe,Mahe Taluk,MA,Puducherry,PY,India,in,0,© OpenStreetMap contributors,Open Database License,https://www.openstreetmap.org/copyright
Entropik Tech,12.9226966,80.1279616,"TECH ZONE, 1, Velachery Main Road, East Tambaram, Tambaram - 600059, TN, India",TECH ZONE,1,,Velachery Main Road,600059,East Tambaram,Tambaram,Tambaram,KC,Tamil Nadu,TN,India,in,0,© OpenStreetMap contributors,Open Database License,https://www.openstreetmap.org/copyright
High Peak Software,11.3715844,76.5178118,"Mukurthi Peak, 643212, TN, India",Mukurthi Peak,,,,643212,,,Udhagamandalam,NI,Tamil Nadu,TN,India,in,0,© OpenStreetMap contributors,Open Database License,https://www.openstreetmap.org/copyright
LARVOL,,,,,,,,,,,,,,,,,,,,
Cartesian Consulting,28.4935315,77.088317,"Boston Consulting Group, DLF Tower 10th Road, Sector 25A, Gurgaon - 122010, HR, India",Boston Consulting Group,,Gurgaon,DLF Tower 10th Road,122010,Sector 25A,Gurgaon,Gurugram,GG,Haryana,HR,India,in,0,© OpenStreetMap contributors,Open Database License,https://www.openstreetmap.org/copyright
Dextara Digital,19.0128029,72.8277261,"Reliance Digital, Appasaheb Marathe Marg, Prabhadevi, Mumbai - 400025, MH, India",Reliance Digital,,Mumbai Zone 2,Appasaheb Marathe Marg,400025,Prabhadevi,Mumbai,Mumbai City District,MU,Maharashtra,MH,India,in,0,© OpenStreetMap contributors,Open Database License,https://www.openstreetmap.org/copyright
Posidex,,,,,,,,,,,,,,,,,,,,
Optimus Information,18.569197,73.911308,"Optimus, West Avenue, Nagar Road, Pune - 411014, MH, India",Optimus,,Nagar Road,West Avenue,411014,,Pune,Pune,PU,Maharashtra,MH,India,in,0,© OpenStreetMap contributors,Open Database License,https://www.openstreetmap.org/copyright
Digital Aptech,18.5983079,73.7638819,"Aptech Montana, Sainath colony path, Bhujbal Chowk, Pimpri - 411027, MH, India",Aptech Montana,,,Sainath colony path,411027,Bhujbal Chowk,Pimpri,Mulshi,PU,Maharashtra,MH,India,in,0,© OpenStreetMap contributors,Open Database License,https://www.openstreetmap.org/copyright
DigiValet,,,,,,,,,,,,,,,,,,,,
apna,22.6923054,75.8620709,"Vishnupuri Apna Garden, Indore, Juni Indore Tahsil, India",Vishnupuri Apna Garden,,Indore City,,,,Indore,Juni Indore Tahsil,,Madhya Pradesh,MP,India,in,0,© OpenStreetMap contributors,Open Database License,https://www.openstreetmap.org/copyright
Agri10x,,,,,,,,,,,,,,,,,,,,
Zentek Infosoft,28.6779107,77.2638615,"Zentek Educational  & Welfare Society, T-105, Gali Number 7, Seelampur, Delhi - 110053, DL, India",Zentek Educational  & Welfare Society,T-105,North East Delhi,Gali Number 7,110053,Seelampur,Delhi,South West Delhi,SW,Delhi,DL,India,in,0,© OpenStreetMap contributors,Open Database License,https://www.openstreetmap.org/copyright
Minosha India,28.193235,94.154038,"Arunachal Pradesh, India",Arunachal Pradesh,,,,,,,,,,,India,in,1,Who's On First,CC0,https://www.whosonfirst.org/docs/licenses/
Aress Software,25.34526,72.6269381,"Software Technology, Shop No.17-19, NH325, Jalore - 343001, RJ, India",Software Technology,Shop No.17-19,,NH325,343001,,Jalore,Jalor Tehsil,JL,Rajasthan,RJ,India,in,0,© OpenStreetMap contributors,Open Database License,https://www.openstreetmap.org/copyright
Nanostuffs,,,,,,,,,,,,,,,,,,,,
IncNut Digital,19.0128029,72.8277261,"Reliance Digital, Appasaheb Marathe Marg, Prabhadevi, Mumbai - 400025, MH, India",Reliance Digital,,Mumbai Zone 2,Appasaheb Marathe Marg,400025,Prabhadevi,Mumbai,Mumbai City District,MU,Maharashtra,MH,India,in,0,© OpenStreetMap contributors,Open Database License,https://www.openstreetmap.org/copyright
Nuvento Inc,22.31028,73.16672,"Webmyne INC, Vadodara, India",Webmyne INC,,,,,Webmyne INC,Vadodara,Vadodara,,Gujarat,GJ,India,in,0,Who's On First,CC0,https://www.whosonfirst.org/docs/licenses/
WebMobril Technologies,28.65003,77.23144,"PointerSoft Technologies Pvt Lmt, Jama Masjid, Delhi, South West Delhi, India",PointerSoft Technologies Pvt Lmt,,,,,Jama Masjid,Delhi,South West Delhi,SW,Delhi,DL,India,in,0,GeoNames,CC BY 4.0,https://www.geonames.org/datasources/
Fortanix,,,,,,,,,,,,,,,,,,,,
Symphony SummitAI,18.5476685,73.790415,"Symphony Club, Baner-Pashan Link Road, Pashan, Pune - 411001, MH, India",Symphony Club,,Aundh,Baner-Pashan Link Road,411001,Pashan,Pune,Pune City,PU,Maharashtra,MH,India,in,0,© OpenStreetMap contributors,Open Database License,https://www.openstreetmap.org/copyright
TestVagrant Technologies,28.65003,77.23144,"PointerSoft Technologies Pvt Lmt, Jama Masjid, Delhi, South West Delhi, India",PointerSoft Technologies Pvt Lmt,,,,,Jama Masjid,Delhi,South West Delhi,SW,Delhi,DL,India,in,0,GeoNames,CC BY 4.0,https://www.geonames.org/datasources/
Acropolis Infotech,22.514875,88.393119,"Acropolis, 1858, Rajdanga Main Road, Ward 107, Kolkata - 700107, WB, India",Acropolis,1858,Borough No. XII,Rajdanga Main Road,700107,Ward 107,Kolkata,Kolkata,KO,West Bengal,WB,India,in,0,© OpenStreetMap contributors,Open Database License,https://www.openstreetmap.org/copyright
Plivo,12.9681838,77.6509743,"Plivo Communications, 3rd Floor, Jeevan Bhima Nagar 10th Main Road, Jagadish Nagar, Bengaluru - 560075, KA, India",Plivo Communications,3rd Floor,Bengaluru East City Corporation,Jeevan Bhima Nagar 10th Main Road,560075,Jagadish Nagar,Bengaluru,Bangalore East,BN,Karnataka,KA,India,in,0,© OpenStreetMap contributors,Open Database License,https://www.openstreetmap.org/copyright
Vinculum Group,16.417351,81.779701,"Madhya Group, East Godavari, India",,,,,,,Madhya Group,East Godavari,,Andhra Pradesh,AP,India,in,0,Who's On First,CC0,https://www.whosonfirst.org/docs/licenses/
Mindteck India,28.193235,94.154038,"Arunachal Pradesh, India",Arunachal Pradesh,,,,,,,,,,,India,in,1,Who's On First,CC0,https://www.whosonfirst.org/docs/licenses/
Kaizen Technologies,19.078437,72.854999,"Kaizen Quro, Kolekalyan, Mumbai - 402308, MH, India",,,Zone 3,Kaizen Quro,402308,Kolekalyan,Mumbai,Mumbai City,MU,Maharashtra,MH,India,in,0,© OpenStreetMap contributors,Open Database License,https://www.openstreetmap.org/copyright
Andor Tech,25.024151,72.8669,"Andor, Sirohi, India",,,,,,,Andor,Sirohi,,Rajasthan,RJ,India,in,0,Who's On First,CC0,https://www.whosonfirst.org/docs/licenses/
Bidgely,,,,,,,,,,,,,,,,,,,,
Digiryte,,,,,,,,,,,,,,,,,,,,
Servosys Solutions,12.98049,77.60469,"Mobipro Solutions, Bangalore, India",Mobipro Solutions,,East Bangalore,,,Mobipro Solutions,Bangalore,Bangalore,,Karnataka,KA,India,in,0,Who's On First,CC0,https://www.whosonfirst.org/docs/licenses/
Zuper,23.2457454,77.2603253,"Empire By Zuper, Khetlakheri, Bhopal - 462066, MP, India",Empire By Zuper,,Khetlakheri,Empire By Zuper,462066,,Bhopal,Huzur Tahsil,,Madhya Pradesh,MP,India,in,0,© OpenStreetMap contributors,Open Database License,https://www.openstreetmap.org/copyright
AFour Technologies,28.65003,77.23144,"PointerSoft Technologies Pvt Lmt, Jama Masjid, Delhi, South West Delhi, India",PointerSoft Technologies Pvt Lmt,,,,,Jama Masjid,Delhi,South West Delhi,SW,Delhi,DL,India,in,0,GeoNames,CC BY 4.0,https://www.geonames.org/datasources/
Xento Systems,22.304211,73.165385,"Omikron Systems, 205 & 206, SAKAR Complex, Old Padra Road, Vadodara - 390007, GJ, India",Omikron Systems,"205 & 206, SAKAR Complex",,Old Padra Road,390007,,Vadodara,Vadodara,,Gujarat,GJ,India,in,0,© OpenStreetMap contributors,Open Database License,https://www.openstreetmap.org/copyright
Arya.ag,22.6441254,76.3330059,"Arya, Bagli Tahsil, India",,,Arya,,,,Arya,Bagli Tahsil,,Madhya Pradesh,MP,India,in,0,© OpenStreetMap contributors,Open Database License,https://www.openstreetmap.org/copyright
AIEnterprise Inc,22.31028,73.16672,"Webmyne INC, Vadodara, India",Webmyne INC,,,,,Webmyne INC,Vadodara,Vadodara,,Gujarat,GJ,India,in,0,Who's On First,CC0,https://www.whosonfirst.org/docs/licenses/
Onama Consultants,28.596896,77.132851,"Consultants, Delhi - 110046, DL, India",Consultants,,,,110046,,Delhi,South West Delhi,SW,Delhi,DL,India,in,0,© OpenStreetMap contributors,Open Database License,https://www.openstreetmap.org/copyright
Creative Capsule,21.0982175,79.0671092,"Capsule Cafe, 5, Wardha Road, Nagpur - 440025, MH, India",Capsule Cafe,5,,Wardha Road,440025,,Nagpur,Nagpur Urban Taluka,NG,Maharashtra,MH,India,in,0,© OpenStreetMap contributors,Open Database License,https://www.openstreetmap.org/copyright
Orbit Techsol,24.8267851,92.8013167,"Orbit Hotel, Ukil Patty, Tarapur, Silchar - 788001, AS, India",Orbit Hotel,,,Ukil Patty,788001,Tarapur,Silchar,Silchar,CA,Assam,AS,India,in,0,© OpenStreetMap contributors,Open Database License,https://www.openstreetmap.org/copyright
Lirik,,,,,,,,,,,,,,,,,,,,
Kriya IT,12.923654,77.499698,"Kriya kalpa, Hemmigepura, Bangalore - 560059, KA, India",,,Rajarajeswari Nagar,Kriya kalpa,560059,Hemmigepura,Bangalore,Bangalore,BN,Karnataka,KA,India,in,0,© OpenStreetMap contributors,Open Database License,https://www.openstreetmap.org/copyright
Verifaya Corporation,17.43727,78.38536,"United Technologies Corporation, Serilingampally, Hyderabad, India",United Technologies Corporation,,West Zone,,,Serilingampally,Hyderabad,Hyderabad,HY,Andhra Pradesh,AP,India,in,0,GeoNames,CC BY 4.0,https://www.geonames.org/datasources/
"tyfone,",,,,,,,,,,,,,,,,,,,,
Neova Solutions,12.98049,77.60469,"Mobipro Solutions, Bangalore, India",Mobipro Solutions,,East Bangalore,,,Mobipro Solutions,Bangalore,Bangalore,,Karnataka,KA,India,in,0,Who's On First,CC0,https://www.whosonfirst.org/docs/licenses/
PreludeSys,,,,,,,,,,,,,,,,,,,,
Shell Transource,12.862777,77.531358,"Shell, Kanakapura Road, Hemmigepura, Bangalore - 560062, KA, India",Shell,,Rajarajeswari Nagar,Kanakapura Road,560062,Hemmigepura,Bangalore,Bangalore,BN,Karnataka,KA,India,in,0,© OpenStreetMap contributors,Open Database License,https://www.openstreetmap.org/copyright
IKF Technologies,28.65003,77.23144,"PointerSoft Technologies Pvt Lmt, Jama Masjid, Delhi, South West Delhi, India",PointerSoft Technologies Pvt Lmt,,,,,Jama Masjid,Delhi,South West Delhi,SW,Delhi,DL,India,in,0,GeoNames,CC BY 4.0,https://www.geonames.org/datasources/
Vaisesika Consulting,28.4935315,77.088317,"Boston Consulting Group, DLF Tower 10th Road, Sector 25A, Gurgaon - 122010, HR, India",Boston Consulting Group,,Gurgaon,DLF Tower 10th Road,122010,Sector 25A,Gurgaon,Gurugram,GG,Haryana,HR,India,in,0,© OpenStreetMap contributors,Open Database License,https://www.openstreetmap.org/copyright
5C Network,13.0349626,77.5115963,"ISRO Telemetry, Tracking and Command Network, Nelagadaranahalli, Bengaluru - 560058, KA, India","ISRO Telemetry, Tracking and Command Network",,Bengaluru West City Corporation,,560058,Nelagadaranahalli,Bengaluru,Bangalore North,,Karnataka,KA,India,in,0,© OpenStreetMap contributors,Open Database License,https://www.openstreetmap.org/copyright
Baazi Games,12.948796,77.620116,"National Games, Ejipura, Bangalore, India",National Games,,South Bangalore,,,Ejipura,Bangalore,Bangalore,BN,Karnataka,KA,India,in,0,© OpenStreetMap contributors,Open Database License,https://www.openstreetmap.org/copyright
RT Network Solutions,25.587397,94.379125,"Road to North East Network Office, - 797107, NL, India",,,,Road to North East Network Office,797107,,,Phek,PH,Nagaland,NL,India,in,0,© OpenStreetMap contributors,Open Database License,https://www.openstreetmap.org/copyright
CatalystOne Solutions,12.98049,77.60469,"Mobipro Solutions, Bangalore, India",Mobipro Solutions,,East Bangalore,,,Mobipro Solutions,Bangalore,Bangalore,,Karnataka,KA,India,in,0,Who's On First,CC0,https://www.whosonfirst.org/docs/licenses/
Rigved Technologies,28.65003,77.23144,"PointerSoft Technologies Pvt Lmt, Jama Masjid, Delhi, South West Delhi, India",PointerSoft Technologies Pvt Lmt,,,,,Jama Masjid,Delhi,South West Delhi,SW,Delhi,DL,India,in,0,GeoNames,CC BY 4.0,https://www.geonames.org/datasources/
XDuce,,,,,,,,,,,,,,,,,,,,
Agiliad,,,,,,,,,,,,,,,,,,,,
Flo Group,18.9135262,73.1954669,"Feliz Flo Fitness Aerial Yoga, Dance, Zumba, NH48, Mohope - 410222, MH, India","Feliz Flo Fitness Aerial Yoga, Dance, Zumba",,,NH48,410222,,Mohope,Panvel Subdistrict,RG,Maharashtra,MH,India,in,0,© OpenStreetMap contributors,Open Database License,https://www.openstreetmap.org/copyright
BRIDGEi2i Analytics Solutions,,,,,,,,,,,,,,,,,,,,
Frontier Business systems,28.374548,76.957727,"Frontier, Gurugram - 122004, HR, India",,,,Frontier,122004,,Gurugram,Gurugram,GG,Haryana,HR,India,in,0,© OpenStreetMap contributors,Open Database License,https://www.openstreetmap.org/copyright
TripStack,,,,,,,,,,,,,,,,,,,,
Mosambee,,,,,,,,,,,,,,,,,,,,
Verisys Corporation,17.43727,78.38536,"United Technologies Corporation, Serilingampally, Hyderabad, India",United Technologies Corporation,,West Zone,,,Serilingampally,Hyderabad,Hyderabad,HY,Andhra Pradesh,AP,India,in,0,GeoNames,CC BY 4.0,https://www.geonames.org/datasources/
eProductivity Software,25.34526,72.6269381,"Software Technology, Shop No.17-19, NH325, Jalore - 343001, RJ, India",Software Technology,Shop No.17-19,,NH325,343001,,Jalore,Jalor Tehsil,JL,Rajasthan,RJ,India,in,0,© OpenStreetMap contributors,Open Database License,https://www.openstreetmap.org/copyright
Cozentus,,,,,,,,,,,,,,,,,,,,
Toshiba Software,12.9250087,77.6315006,"Toshiba Software India Pvt Ltd, 7th C Main Road, Kormangala East, Bengaluru - 560034, KA, India",Toshiba Software India Pvt Ltd,,Bengaluru South City Corporation,7th C Main Road,560034,Kormangala East,Bengaluru,Bangalore South,BN,Karnataka,KA,India,in,0,© OpenStreetMap contributors,Open Database License,https://www.openstreetmap.org/copyright
Innohub Technologies Pte,,,,,,,,,,,,,,,,,,,,
Mantra Labs,12.9846898,77.726976,"Mantra Labs, GSP lab, Hoodi, Bengaluru - 560066, KA, India",Mantra Labs,,Bengaluru East City Corporation,GSP lab,560066,Hoodi,Bengaluru,Bangalore East,BN,Karnataka,KA,India,in,0,© OpenStreetMap contributors,Open Database License,https://www.openstreetmap.org/copyright
Fullestop,,,,,,,,,,,,,,,,,,,,
Yexle,,,,,,,,,,,,,,,,,,,,
Daffodil Software,25.34526,72.6269381,"Software Technology, Shop No.17-19, NH325, Jalore - 343001, RJ, India",Software Technology,Shop No.17-19,,NH325,343001,,Jalore,Jalor Tehsil,JL,Rajasthan,RJ,India,in,0,© OpenStreetMap contributors,Open Database License,https://www.openstreetmap.org/copyright
Flexasoft,,,,,,,,,,,,,,,,,,,,
Congruent Info,11.1272103,77.0392922,"Info Institute of Engineering, Karuvalur - Kovilpalayam Road, Kovilpalayam - 641107, TN, India",Info Institute of Engineering,,,Karuvalur - Kovilpalayam Road,641107,,Kovilpalayam,Coimbatore North,CM,Tamil Nadu,TN,India,in,0,© OpenStreetMap contributors,Open Database License,https://www.openstreetmap.org/copyright
Talview,,,,,,,,,,,,,,,,,,,,
Quartic.ai,,,,,,,,,,,,,,,,,,,,
JobsForHer,,,,,,,,,,,,,,,,,,,,
CBNITS,,,,,,,,,,,,,,,,,,,,
fifthnote,,,,,,,,,,,,,,,,,,,,
Paktolus Solutions,12.98049,77.60469,"Mobipro Solutions, Bangalore, India",Mobipro Solutions,,East Bangalore,,,Mobipro Solutions,Bangalore,Bangalore,,Karnataka,KA,India,in,0,Who's On First,CC0,https://www.whosonfirst.org/docs/licenses/
Chimera Technologies,28.65003,77.23144,"PointerSoft Technologies Pvt Lmt, Jama Masjid, Delhi, South West Delhi, India",PointerSoft Technologies Pvt Lmt,,,,,Jama Masjid,Delhi,South West Delhi,SW,Delhi,DL,India,in,0,GeoNames,CC BY 4.0,https://www.geonames.org/datasources/
Flock,17.6780863,83.2151699,"Little Flock Churcg, BC Road, Azeemabad, Old Gajuwaka - 530026, AP, India",Little Flock Churcg,,,BC Road,530026,Azeemabad,Old Gajuwaka,Gajuwaka,VS,Andhra Pradesh,AP,India,in,0,© OpenStreetMap contributors,Open Database License,https://www.openstreetmap.org/copyright
KritiKal Solutions,12.98049,77.60469,"Mobipro Solutions, Bangalore, India",Mobipro Solutions,,East Bangalore,,,Mobipro Solutions,Bangalore,Bangalore,,Karnataka,KA,India,in,0,Who's On First,CC0,https://www.whosonfirst.org/docs/licenses/
ONE BCG,19.0023567,72.8264064,"World One, Shankar Rao Naram Path (Gowalia Chawl Lane), Lower Parel, Mumbai - 400013, MH, India",World One,,Mumbai Zone 2,Shankar Rao Naram Path (Gowalia Chawl Lane),400013,Lower Parel,Mumbai,Mumbai City District,MU,Maharashtra,MH,India,in,0,© OpenStreetMap contributors,Open Database License,https://www.openstreetmap.org/copyright
TravClan,,,,,,,,,,,,,,,,,,,,
Affle,,,,,,,,,,,,,,,,,,,,
SpanIdea Systems,22.304211,73.165385,"Omikron Systems, 205 & 206, SAKAR Complex, Old Padra Road, Vadodara - 390007, GJ, India",Omikron Systems,"205 & 206, SAKAR Complex",,Old Padra Road,390007,,Vadodara,Vadodara,,Gujarat,GJ,India,in,0,© OpenStreetMap contributors,Open Database License,https://www.openstreetmap.org/copyright
Blackstraw.ai,,,,,,,,,,,,,,,,,,,,
Impact Analytics,12.913572,77.609936,"Impact Physiotherapy, BTM Layout, Bangalore - 560076, KA, India",Impact Physiotherapy,,South Bangalore,,560076,BTM Layout,Bangalore,Bangalore,BN,Karnataka,KA,India,in,0,© OpenStreetMap contributors,Open Database License,https://www.openstreetmap.org/copyright
SysCloud,,,,,,,,,,,,,,,,,,,,
Fidelis Corporate Solutions,26.889612,80.960083,"St. Fidelis, Lucknow - 226030, UP, India",,,,St. Fidelis,226030,,Lucknow,Lucknow,LU,Uttar Pradesh,UP,India,in,0,© OpenStreetMap contributors,Open Database License,https://www.openstreetmap.org/copyright
Softcell Technologies Global,23.1535101,79.9133595,"Sysnet Global Technologies, NH45, Jabalpur, Jabalpur - 482003, MP, India",Sysnet Global Technologies,,Jabalpur,NH45,482003,,Jabalpur,GorakhpurTahsil,JA,Madhya Pradesh,MP,India,in,0,© OpenStreetMap contributors,Open Database License,https://www.openstreetmap.org/copyright
Digital Refresh Networks,28.412447,77.0496403,"Tikona Digital Networks, Sec 49, Sai Dham Road, Sector 49, Gurgaon - 201301, HR, India",Tikona Digital Networks,Sec 49,Gurgaon,Sai Dham Road,201301,Sector 49,Gurgaon,Gurugram,GG,Haryana,HR,India,in,0,© OpenStreetMap contributors,Open Database License,https://www.openstreetmap.org/copyright
AMREP SUPPLIER MANAGEMENT SERVICES,,,,,,,,,,,,,,,,,,,,
360 Degree Cloud Technologies,,,,,,,,,,,,,,,,,,,,
Selectsys India,,,,,,,,,,,,,,,,,,,,
Resilience InfoTech,26.82399,75.54525,"Vatika Infotech City, Jaipur, India",,,,,,,Vatika Infotech City,Jaipur,,Rajasthan,RJ,India,in,0,Who's On First,CC0,https://www.whosonfirst.org/docs/licenses/
DreamOrbit,,,,,,,,,,,,,,,,,,,,
Xangars Solutions,12.98049,77.60469,"Mobipro Solutions, Bangalore, India",Mobipro Solutions,,East Bangalore,,,Mobipro Solutions,Bangalore,Bangalore,,Karnataka,KA,India,in,0,Who's On First,CC0,https://www.whosonfirst.org/docs/licenses/
Q3 Technologies,12.3634413,76.5961002,"Infosys Technologies Limited, Mysuru - 570001, KA, India",Infosys Technologies Limited,,,,570001,Infosys Technologies Limited,Mysuru,Mysuru taluk,,Karnataka,KA,India,in,0,© OpenStreetMap contributors,Open Database License,https://www.openstreetmap.org/copyright
Medline India,28.193235,94.154038,"Arunachal Pradesh, India",Arunachal Pradesh,,,,,,,,,,,India,in,1,Who's On First,CC0,https://www.whosonfirst.org/docs/licenses/
EXILANT Technologies,28.65003,77.23144,"PointerSoft Technologies Pvt Lmt, Jama Masjid, Delhi, South West Delhi, India",PointerSoft Technologies Pvt Lmt,,,,,Jama Masjid,Delhi,South West Delhi,SW,Delhi,DL,India,in,0,GeoNames,CC BY 4.0,https://www.geonames.org/datasources/
TechAffinity,,,,,,,,,,,,,,,,,,,,
Dremio,,,,,,,,,,,,,,,,,,,,
Softobiz Technologies,28.65003,77.23144,"PointerSoft Technologies Pvt Lmt, Jama Masjid, Delhi, South West Delhi, India",PointerSoft Technologies Pvt Lmt,,,,,Jama Masjid,Delhi,South West Delhi,SW,Delhi,DL,India,in,0,GeoNames,CC BY 4.0,https://www.geonames.org/datasources/
CoffeeBeans Consulting,28.4935315,77.088317,"Boston Consulting Group, DLF Tower 10th Road, Sector 25A, Gurgaon - 122010, HR, India",Boston Consulting Group,,Gurgaon,DLF Tower 10th Road,122010,Sector 25A,Gurgaon,Gurugram,GG,Haryana,HR,India,in,0,© OpenStreetMap contributors,Open Database License,https://www.openstreetmap.org/copyright
ElectrifAi,,,,,,,,,,,,,,,,,,,,
Goods And Services Tax Network,28.5504366,77.1220992,"Goods and Services Tax Network, Manhattan Drive, Vasant Vihar Tehsil, New Delhi - 110037, DL, India",Goods and Services Tax Network,,,Manhattan Drive,110037,Vasant Vihar Tehsil,New Delhi,South West Delhi,SW,Delhi,DL,India,in,0,© OpenStreetMap contributors,Open Database License,https://www.openstreetmap.org/copyright
JMR Infotech,26.82399,75.54525,"Vatika Infotech City, Jaipur, India",,,,,,,Vatika Infotech City,Jaipur,,Rajasthan,RJ,India,in,0,Who's On First,CC0,https://www.whosonfirst.org/docs/licenses/
Cendyn,,,,,,,,,,,,,,,,,,,,
Growexx,,,,,,,,,,,,,,,,,,,,
Ind Innovation,13.0145816,80.2018161,"Beez Innovation Labs Pvt. Ltd., HQ10 Primus, Office no. 205, 2nd floor, SIDCO Industrial Estate South Phase Road, Zone 13 Adyar, Chennai - 600032, TN, India",Beez Innovation Labs Pvt. Ltd.,"HQ10 Primus, Office no. 205, 2nd floor",CMWSSB Division 170,SIDCO Industrial Estate South Phase Road,600032,Zone 13 Adyar,Chennai,Alandur,,Tamil Nadu,TN,India,in,0,© OpenStreetMap contributors,Open Database License,https://www.openstreetmap.org/copyright
Zensark,,,,,,,,,,,,,,,,,,,,
"Nsight,",,,,,,,,,,,,,,,,,,,,
Technodysis,,,,,,,,,,,,,,,,,,,,
Skilrock Technologies,28.65003,77.23144,"PointerSoft Technologies Pvt Lmt, Jama Masjid, Delhi, South West Delhi, India",PointerSoft Technologies Pvt Lmt,,,,,Jama Masjid,Delhi,South West Delhi,SW,Delhi,DL,India,in,0,GeoNames,CC BY 4.0,https://www.geonames.org/datasources/
Sugal & Damani,21.0079209,75.5703472,"Damani Maternity and Surgical Hospital,Jalgaon, SH186, Jalgaon - 425001, MH, India","Damani Maternity and Surgical Hospital,Jalgaon",,,SH186,425001,,Jalgaon,Jalgaon,JG,Maharashtra,MH,India,in,0,© OpenStreetMap contributors,Open Database License,https://www.openstreetmap.org/copyright
IFTAS,,,,,,,,,,,,,,,,,,,,
Alpha Net,28.4710345,77.5127373,"Alpha 1, Pari Chowk, Sector 20, Greater Noida - 201310, UP, India",Alpha 1,,,Pari Chowk,201310,Sector 20,Greater Noida,Gautam Buddha Nagar,GB,Uttar Pradesh,UP,India,in,0,© OpenStreetMap contributors,Open Database License,https://www.openstreetmap.org/copyright
Tejora,,,,,,,,,,,,,,,,,,,,
Easy Eat AI,26.912871,79.777133,"Eat Khari, Kanpura, Kannauj, India",Eat Khari,,,,,Eat Khari,Kanpura,Kannauj,,Uttar Pradesh,UP,India,in,0,Who's On First,CC0,https://www.whosonfirst.org/docs/licenses/
Kairos Technologies,28.65003,77.23144,"PointerSoft Technologies Pvt Lmt, Jama Masjid, Delhi, South West Delhi, India",PointerSoft Technologies Pvt Lmt,,,,,Jama Masjid,Delhi,South West Delhi,SW,Delhi,DL,India,in,0,GeoNames,CC BY 4.0,https://www.geonames.org/datasources/
MSRcosmos LLC,20.349079,85.807721,"AuroIN LLC, TCS Footpath, Bhubaneswar Municipal Corporation - 751024, OR, India",AuroIN LLC,,,TCS Footpath,751024,,Bhubaneswar Municipal Corporation,Cuttack,CU,Odisha,OR,India,in,0,© OpenStreetMap contributors,Open Database License,https://www.openstreetmap.org/copyright
ParadigmIT,,,,,,,,,,,,,,,,,,,,
SEEC,,,,,,,,,,,,,,,,,,,,
Hirect India,,,,,,,,,,,,,,,,,,,,
iFocus Systec,,,,,,,,,,,,,,,,,,,,
Evoke Technologies,28.65003,77.23144,"PointerSoft Technologies Pvt Lmt, Jama Masjid, Delhi, South West Delhi, India",PointerSoft Technologies Pvt Lmt,,,,,Jama Masjid,Delhi,South West Delhi,SW,Delhi,DL,India,in,0,GeoNames,CC BY 4.0,https://www.geonames.org/datasources/
PURVIEW,,,,,,,,,,,,,,,,,,,,
CEPTES Software,25.34526,72.6269381,"Software Technology, Shop No.17-19, NH325, Jalore - 343001, RJ, India",Software Technology,Shop No.17-19,,NH325,343001,,Jalore,Jalor Tehsil,JL,Rajasthan,RJ,India,in,0,© OpenStreetMap contributors,Open Database License,https://www.openstreetmap.org/copyright
eMDs,,,,,,,,,,,,,,,,,,,,
RPS Consulting,25.366264,85.540878,"R.P.S College, Harnaut - 803110, BR, India",,,,R.P.S College,803110,,Harnaut,Nalanda,NL,Bihar,BR,India,in,0,© OpenStreetMap contributors,Open Database License,https://www.openstreetmap.org/copyright
Finesse Global,27.501023,82.794713,"Global, Barhani Bazar, Siddharth Nagar, India",Global,,,,,,Barhani Bazar,Siddharth Nagar,SN,Uttar Pradesh,UP,India,in,0,© OpenStreetMap contributors,Open Database License,https://www.openstreetmap.org/copyright