original_Names,lat,lon,formatted,name,housenumber,street,district,suburb,postcode,city,county,county_code,state,state_code,country,country_code,confidence,attribution,attribution_license,attribution_url
HealthAsyst,,,,,,,,,,,,,,,,,,,,
EA Team Inc,9.405462,76.787481,"ea, -, KL, India",,,ea,,,,,Pathanamthitta,PT,Kerala,KL,India,in,0,© OpenStreetMap contributors,Open Database License,https://www.openstreetmap.org/copyright
WisdmLabs,,,,,,,,,,,,,,,,,,,,
Softdel,,,,,,,,,,,,,,,,,,,,
DataCore Software,25.34526,72.6269381,"Software Technology, Shop No.17-19, NH325, Jalore - 343001, RJ, India",Software Technology,Shop No.17-19,NH325,,,343001,Jalore,Jalor Tehsil,JL,Rajasthan,RJ,India,in,0,© OpenStreetMap contributors,Open Database License,https://www.openstreetmap.org/copyright
Creative Synergies Group,,,,,,,,,,,,,,,,,,,,
Neviton Softech.,26.7225253,88.4280329,"Softech Water Treatment, Sevoke Road, Siliguri - 734001, WB, India",Softech Water Treatment,,Sevoke Road,,,734001,Siliguri,Matigara block,DA,West Bengal,WB,India,in,0,© OpenStreetMap contributors,Open Database License,https://www.openstreetmap.org/copyright
Maintec Technologies,13.0047554,77.6628908,"Maintec Technologies Pvt Ltd, 3rd Main Road, Kasturi Nagar, Bengaluru - 560043, KA, India",Maintec Technologies Pvt Ltd,,3rd Main Road,Bengaluru Central City Corporation,Kasturi Nagar,560043,Bengaluru,Bangalore East,BN,Karnataka,KA,India,in,0,© OpenStreetMap contributors,Open Database License,https://www.openstreetmap.org/copyright
IANT,12.9813015,77.6019073,"IANT, Infantry Road, Shivajinagar, Bengaluru - 560001, KA, India",IANT,,Infantry Road,Bengaluru Central City Corporation,Shivajinagar,560001,Bengaluru,Bangalore North,BN,Karnataka,KA,India,in,0,© OpenStreetMap contributors,Open Database License,https://www.openstreetmap.org/copyright
TechTammina LLC,20.349079,85.807721,"AuroIN LLC, TCS Footpath, Bhubaneswar Municipal Corporation - 751024, OR, India",AuroIN LLC,,TCS Footpath,,,751024,Bhubaneswar Municipal Corporation,Cuttack,CU,Odisha,OR,India,in,0,© OpenStreetMap contributors,Open Database License,https://www.openstreetmap.org/copyright
ZenQ,,,,,,,,,,,,,,,,,,,,
Saicon,,,,,,,,,,,,,,,,,,,,
WAISL,,,,,,,,,,,,,,,,,,,,
Olive Technology,9.967037,76.300291,"Olive Downtown, Ernakulam - 682036, KL, India",,,Olive Downtown,,,682036,Ernakulam,Ernakulam,ER,Kerala,KL,India,in,0,© OpenStreetMap contributors,Open Database License,https://www.openstreetmap.org/copyright
itelligence India Software Solutions,,,,,,,,,,,,,,,,,,,,
Span Technology Services,12.972063,80.243268,"Ford Technology Services, Ward 184, Chennai - 600096, TN, India",,,Ford Technology Services,Perungudi,Ward 184,600096,Chennai,Chennai,CH,Tamil Nadu,TN,India,in,0,© OpenStreetMap contributors,Open Database License,https://www.openstreetmap.org/copyright
Niyuj,,,,,,,,,,,,,,,,,,,,
EPIKInDiFi,,,,,,,,,,,,,,,,,,,,
STAND 8 Technology Services,,,,,,,,,,,,,,,,,,,,
Mantra,26.9247389,75.8244663,"Jantar Mantar, Tripolia Bazaar, Ramganj, Jaipur - 302001, RJ, India",Jantar Mantar,,Tripolia Bazaar,,Ramganj,302001,Jaipur,Jaipur Tehsil,,Rajasthan,RJ,India,in,0,© OpenStreetMap contributors,Open Database License,https://www.openstreetmap.org/copyright
Matellio,,,,,,,,,,,,,,,,,,,,
AdaniConneX,12.8215853,80.2261104,"AdaniConneX Chennai 1, Rajiv Gandhi Salai, Kazhipattur, Thiruporur, Chengalpattu District, Siruseri - 603103, TN, India",AdaniConneX Chennai 1,,Rajiv Gandhi Salai,,"Kazhipattur, Thiruporur, Chengalpattu District",603103,Siruseri,Tiruporur,KC,Tamil Nadu,TN,India,in,0,© OpenStreetMap contributors,Open Database License,https://www.openstreetmap.org/copyright
Navis,12.9175633,77.5831374,"Navis HR, 44 Cross Road, Pattabhirama Nagara, Bengaluru - 560041, KA, India",Navis HR,,44 Cross Road,Bengaluru South City Corporation,Pattabhirama Nagara,560041,Bengaluru,Bangalore South,BN,Karnataka,KA,India,in,0,© OpenStreetMap contributors,Open Database License,https://www.openstreetmap.org/copyright
SurePrep LLC,20.349079,85.807721,"AuroIN LLC, TCS Footpath, Bhubaneswar Municipal Corporation - 751024, OR, India",AuroIN LLC,,TCS Footpath,,,751024,Bhubaneswar Municipal Corporation,Cuttack,CU,Odisha,OR,India,in,0,© OpenStreetMap contributors,Open Database License,https://www.openstreetmap.org/copyright
Percipere,,,,,,,,,,,,,,,,,,,,
Bridge Global,10.0093978,76.3144747,"Bridge Global, 41/1368A, Pipeline Road, Padivattom, Ernakulam - 682024, KL, India",Bridge Global,41/1368A,Pipeline Road,,Padivattom,682024,Ernakulam,Kanayannur,ER,Kerala,KL,India,in,0,© OpenStreetMap contributors,Open Database License,https://www.openstreetmap.org/copyright
"AGDATA, LP",,,,,,,,,,,,,,,,,,,,
Girmiti Software,25.34526,72.6269381,"Software Technology, Shop No.17-19, NH325, Jalore - 343001, RJ, India",Software Technology,Shop No.17-19,NH325,,,343001,Jalore,Jalor Tehsil,JL,Rajasthan,RJ,India,in,0,© OpenStreetMap contributors,Open Database License,https://www.openstreetmap.org/copyright
iBridge,,,,,,,,,,,,,,,,,,,,
Glu Mobile,,,,,,,,,,,,,,,,,,,,
Inatech,,,,,,,,,,,,,,,,,,,,
PurpleTalk,,,,,,,,,,,,,,,,,,,,
Infobelt,,,,,,,,,,,,,,,,,,,,
Maropost,,,,,,,,,,,,,,,,,,,,
Pelican.ai,13.0832477,77.608862,"Maia Pelican Grove, Jakkur, Bengaluru - 560064, KA, India",Maia Pelican Grove,,,Bengaluru North City Corporation,Jakkur,560064,Bengaluru,Yelahanka taluku,,Karnataka,KA,India,in,0,© OpenStreetMap contributors,Open Database License,https://www.openstreetmap.org/copyright
Lumel,,,,,,,,,,,,,,,,,,,,
CETPA Infotech,26.82399,75.54525,"Vatika Infotech City, Jaipur, India",,,,,,,Vatika Infotech City,Jaipur,,Rajasthan,RJ,India,in,0,Who's On First,CC0,https://www.whosonfirst.org/docs/licenses/
Angara E,23.402472,85.510425,"Angara - 835104, JH, India",,,,,,835104,Angara,Angara,,Jharkhand,JH,India,in,0,© OpenStreetMap contributors,Open Database License,https://www.openstreetmap.org/copyright
GoldenSource,,,,,,,,,,,,,,,,,,,,
Docmation,,,,,,,,,,,,,,,,,,,,
Codelogicx,,,,,,,,,,,,,,,,,,,,
DotPe,,,,,,,,,,,,,,,,,,,,
Infollion Research Services,12.973453,77.6163347,"Millward Brown Market Research Services India Pvt. Ltd, Mahatma Gandhi Road, K Kamaraj Ward, Bengaluru - 560042, KA, India",Millward Brown Market Research Services India Pvt. Ltd,,Mahatma Gandhi Road,Bengaluru Central City Corporation,K Kamaraj Ward,560042,Bengaluru,Bangalore North,BN,Karnataka,KA,India,in,0,© OpenStreetMap contributors,Open Database License,https://www.openstreetmap.org/copyright
Zemoso Technologies,28.65003,77.23144,"PointerSoft Technologies Pvt Lmt, Jama Masjid, Delhi, South West Delhi, India",PointerSoft Technologies Pvt Lmt,,,,Jama Masjid,,Delhi,South West Delhi,SW,Delhi,DL,India,in,0,GeoNames,CC BY 4.0,https://www.geonames.org/datasources/
BURGEON IT SERVICES,28.5396614,77.2697139,"Accel IT Services, A-61/1, Okhla Industrial Area Phase 2, Sarita Vihar Tehsil, Delhi - 110020, DL, India",Accel IT Services,A-61/1,Okhla Industrial Area Phase 2,South East Delhi,Sarita Vihar Tehsil,110020,Delhi,South West Delhi,SW,Delhi,DL,India,in,0,© OpenStreetMap contributors,Open Database License,https://www.openstreetmap.org/copyright
ECS Fin,22.7559102,75.8949514,"ECS bagless school, N Service Road, Indore City, Indore - 452001, MP, India",ECS bagless school,,N Service Road,Indore City,,452001,Indore,Juni Indore Tahsil,IN,Madhya Pradesh,MP,India,in,0,© OpenStreetMap contributors,Open Database License,https://www.openstreetmap.org/copyright
Innobox,,,,,,,,,,,,,,,,,,,,
Kale Logistics Solutions,20.982294,76.438241,"Pimpalgaon Kale, Buldhana, India",,,,,,,Pimpalgaon Kale,Buldhana,,Maharashtra,MH,India,in,0,Who's On First,CC0,https://www.whosonfirst.org/docs/licenses/
Mindpool Technologies Inc,28.443763,77.0564541,"Keysight Technologies Inc, Tower-D, 39, Shaheed Major Vikas Yadav Marg, Sector 39, Gurgaon - 122003, HR, India",Keysight Technologies Inc,"Tower-D, 39",Shaheed Major Vikas Yadav Marg,Gurgaon,Sector 39,122003,Gurgaon,Gurugram,GG,Haryana,HR,India,in,0,© OpenStreetMap contributors,Open Database License,https://www.openstreetmap.org/copyright
Health Prime,13.0522176,80.2056967,"Prime Health Care Clinics, S S Pankajam Road, Zone 10 Kodambakkam, Chennai - 600026, TN, India",Prime Health Care Clinics,,S S Pankajam Road,CMWSSB Division 129,Zone 10 Kodambakkam,600026,Chennai,Chennai,CH,Tamil Nadu,TN,India,in,0,© OpenStreetMap contributors,Open Database License,https://www.openstreetmap.org/copyright
"ISSQUARED,",,,,,,,,,,,,,,,,,,,,
ForecastEra,,,,,,,,,,,,,,,,,,,,
Bobcares,,,,,,,,,,,,,,,,,,,,
AIT Global India,25.892699,79.24153,"Ait, Jalaun, India",,,,,,,Ait,Jalaun,,Uttar Pradesh,UP,India,in,0,Who's On First,CC0,https://www.whosonfirst.org/docs/licenses/
Innoval Digital Solutions,26.902074,75.835389,"RasuKoo Digital Solutions, D-20/21, Mandir Marg, Adarsh Nagar, Jaipur - 302004, RJ, India",RasuKoo Digital Solutions,D-20/21,Mandir Marg,Saket Colony,Adarsh Nagar,302004,Jaipur,Jaipur Tehsil,JP,Rajasthan,RJ,India,in,0,© OpenStreetMap contributors,Open Database License,https://www.openstreetmap.org/copyright
"Netenric,",,,,,,,,,,,,,,,,,,,,
Apty,,,,,,,,,,,,,,,,,,,,
Altius,12.9814872,77.5983584,"Mantri Altius, Vasanth Nagar, Bengaluru - 560001, KA, India",Mantri Altius,,,Bengaluru Central City Corporation,Vasanth Nagar,560001,Bengaluru,Bangalore North,,Karnataka,KA,India,in,0,© OpenStreetMap contributors,Open Database License,https://www.openstreetmap.org/copyright
Clearbit,,,,,,,,,,,,,,,,,,,,
Beetel,10.9804615,76.9993269,"Beetel Apartments, Nanjundapuram Road, Ward 75, Nanjundapuram - 661005, TN, India",Beetel Apartments,,Nanjundapuram Road,East Zone,Ward 75,661005,Nanjundapuram,Coimbatore South,CM,Tamil Nadu,TN,India,in,0,© OpenStreetMap contributors,Open Database License,https://www.openstreetmap.org/copyright
Neutrino Tech Systems,9.0888618,76.6382545,"Apple Tech Plus Systems, Kollam - Teni Highway, Chakkuvally, Sooranad - 690520, KL, India",Apple Tech Plus Systems,,Kollam - Teni Highway,Chakkuvally,,690520,Sooranad,Kunnathur,KL,Kerala,KL,India,in,0,© OpenStreetMap contributors,Open Database License,https://www.openstreetmap.org/copyright
ProdEx Technologies,28.65003,77.23144,"PointerSoft Technologies Pvt Lmt, Jama Masjid, Delhi, South West Delhi, India",PointerSoft Technologies Pvt Lmt,,,,Jama Masjid,,Delhi,South West Delhi,SW,Delhi,DL,India,in,0,GeoNames,CC BY 4.0,https://www.geonames.org/datasources/
Lighthouse Info Systems,15.74745,76.188771,"PN Info Systems Kushtagi, 5, Bus Stand Road, Kushtagi - 583277, KA, India",PN Info Systems Kushtagi,5,Bus Stand Road,,,583277,Kushtagi,Koppal,KP,Karnataka,KA,India,in,0,© OpenStreetMap contributors,Open Database License,https://www.openstreetmap.org/copyright
HeadSpin,,,,,,,,,,,,,,,,,,,,
Rooter App,23.821833,86.754583,"Approach Road, Sana -, JH, India",,,Approach Road,,,,Sana,Dhanbad,DH,Jharkhand,JH,India,in,0,© OpenStreetMap contributors,Open Database License,https://www.openstreetmap.org/copyright
CometChat,,,,,,,,,,,,,,,,,,,,
Micropro Software Solutions,12.9864281,77.5952553,"Planvisage Software Solutions, 35/1, 2nd Floor, Cunningham Hallmark, Cunningham Road, Vasanth Nagar, Bengaluru - 560001, KA, India",Planvisage Software Solutions,"35/1, 2nd Floor, Cunningham Hallmark",Cunningham Road,Bengaluru Central City Corporation,Vasanth Nagar,560001,Bengaluru,Bangalore North,BN,Karnataka,KA,India,in,0,© OpenStreetMap contributors,Open Database License,https://www.openstreetmap.org/copyright
Bitwise India,18.5569479,73.7694818,"Bitwise, Katraj - Dehu Road Bypass, Baner, Pune - 411001, MH, India",Bitwise,,Katraj - Dehu Road Bypass,,Baner,411001,Pune,Pune City,,Maharashtra,MH,India,in,0,© OpenStreetMap contributors,Open Database License,https://www.openstreetmap.org/copyright
eQ Technologic,23.839029,91.2839463,"eq, B.K. Road, Radha Nagar, Agartala - 799001, TR, India",eq,,B.K. Road,Haradhan Sangha,Radha Nagar,799001,Agartala,Mohanpur,WE,Tripura,TR,India,in,0,© OpenStreetMap contributors,Open Database License,https://www.openstreetmap.org/copyright
Cloudaction,,,,,,,,,,,,,,,,,,,,
Vertex Global Services,12.980156,77.602371,"VFS Global Services, Unit No. 305, Level 3, Second Floor, Prestige Atrium, No.1 Central Street, Shivaji Nagar, Central Street, Sampangiram Nagar, Bangalore - 560001, KA, India",VFS Global Services,"Unit No. 305, Level 3, Second Floor, Prestige Atrium, No.1 Central Street, Shivaji Nagar",Central Street,East Bangalore,Sampangiram Nagar,560001,Bangalore,Bangalore,BN,Karnataka,KA,India,in,0,© OpenStreetMap contributors,Open Database License,https://www.openstreetmap.org/copyright
TRIARQ Health India,10.402365,76.147462,"Health Center, Karamuck, Thrissur, India",Health Center,,,,Health Center,,Karamuck,Thrissur,,Kerala,KL,India,in,0,Who's On First,CC0,https://www.whosonfirst.org/docs/licenses/
Simpplr,,,,,,,,,,,,,,,,,,,,
"Josh Software,",25.34526,72.6269381,"Software Technology, Shop No.17-19, NH325, Jalore - 343001, RJ, India",Software Technology,Shop No.17-19,NH325,,,343001,Jalore,Jalor Tehsil,JL,Rajasthan,RJ,India,in,0,© OpenStreetMap contributors,Open Database License,https://www.openstreetmap.org/copyright
InSync Solutions,12.956634,77.745788,"Insync, Varthuru, Bangalore - 560087, KA, India",Insync,,,Mahadevapura,Varthuru,560087,Bangalore,Bangalore,BN,Karnataka,KA,India,in,0,© OpenStreetMap contributors,Open Database License,https://www.openstreetmap.org/copyright
Tecplix Technologies,28.65003,77.23144,"PointerSoft Technologies Pvt Lmt, Jama Masjid, Delhi, South West Delhi, India",PointerSoft Technologies Pvt Lmt,,,,Jama Masjid,,Delhi,South West Delhi,SW,Delhi,DL,India,in,0,GeoNames,CC BY 4.0,https://www.geonames.org/datasources/
Tera Software,23.286389,68.93913,"Tera, Kachchh, India",,,,,,,Tera,Kachchh,,Gujarat,GJ,India,in,0,Who's On First,CC0,https://www.whosonfirst.org/docs/licenses/
Saransh Inc,25.690122,74.808497,"Saransh, Bhilwara, India",,,,,,,Saransh,Bhilwara,,Rajasthan,RJ,India,in,0,Who's On First,CC0,https://www.whosonfirst.org/docs/licenses/
DATAECONOMY,,,,,,,,,,,,,,,,,,,,
"Futurism Technologies,",18.5837179,73.7356215,"Futurism Technologies, Blue Ridge Road, Phase 1, Hinjawadi Phase 1, Hinjawadi - 411057, MH, India",Futurism Technologies,,"Blue Ridge Road, Phase 1",,Hinjawadi Phase 1,411057,Hinjawadi,Mulshi,PU,Maharashtra,MH,India,in,0,© OpenStreetMap contributors,Open Database License,https://www.openstreetmap.org/copyright
i95Dev,,,,,,,,,,,,,,,,,,,,
Winjit Technologies,28.65003,77.23144,"PointerSoft Technologies Pvt Lmt, Jama Masjid, Delhi, South West Delhi, India",PointerSoft Technologies Pvt Lmt,,,,Jama Masjid,,Delhi,South West Delhi,SW,Delhi,DL,India,in,0,GeoNames,CC BY 4.0,https://www.geonames.org/datasources/
Solace Infotech,26.82399,75.54525,"Vatika Infotech City, Jaipur, India",,,,,,,Vatika Infotech City,Jaipur,,Rajasthan,RJ,India,in,0,Who's On First,CC0,https://www.whosonfirst.org/docs/licenses/
Ceinsys Tech,12.9226966,80.1279616,"TECH ZONE, 1, Velachery Main Road, East Tambaram, Tambaram - 600059, TN, India",TECH ZONE,1,Velachery Main Road,,East Tambaram,600059,Tambaram,Tambaram,KC,Tamil Nadu,TN,India,in,0,© OpenStreetMap contributors,Open Database License,https://www.openstreetmap.org/copyright
CDC Software,30.908275,75.862576,"CMC/CDC, Ludhiana - 141011, PB, India",,,CMC/CDC,,,141011,Ludhiana,Ludhiana,LU,Punjab,PB,India,in,0,© OpenStreetMap contributors,Open Database License,https://www.openstreetmap.org/copyright
ideyaLabs,,,,,,,,,,,,,,,,,,,,
RIA Advisory,21.195084,86.604706,"Ria, Baleshwar, India",,,,,,,Ria,Baleshwar,,Odisha,OR,India,in,0,Who's On First,CC0,https://www.whosonfirst.org/docs/licenses/
Equifax India,,,,,,,,,,,,,,,,,,,,
Looking for Opportunities,9.264669,76.808984,"way for service, - 689673, KL, India",,,way for service,,,689673,,Pathanamthitta,PT,Kerala,KL,India,in,0,© OpenStreetMap contributors,Open Database License,https://www.openstreetmap.org/copyright
Brainly,,,,,,,,,,,,,,,,,,,,
Ittiam Systems,22.304211,73.165385,"Omikron Systems, 205 & 206, SAKAR Complex, Old Padra Road, Vadodara - 390007, GJ, India",Omikron Systems,"205 & 206, SAKAR Complex",Old Padra Road,,,390007,Vadodara,Vadodara,,Gujarat,GJ,India,in,0,© OpenStreetMap contributors,Open Database License,https://www.openstreetmap.org/copyright
Skillmine Technology Consulting,17.4339834,78.4058605,"Oakton consulting technology, Jubilee Hills Road No 36, Jubilee Hills, Hyderabad - 500033, TG, India",Oakton consulting technology,,Jubilee Hills Road No 36,Greater Hyderabad Municipal Corporation Central Zone,Jubilee Hills,500033,Hyderabad,Shaikpet mandal,HY,Telangana,TG,India,in,0,© OpenStreetMap contributors,Open Database License,https://www.openstreetmap.org/copyright
FiftyFive Technologies,10.977692,76.364307,"Fiftyfive Mile, Malappuram, India",,,,,,,Fiftyfive Mile,Malappuram,,Kerala,KL,India,in,0,Who's On First,CC0,https://www.whosonfirst.org/docs/licenses/
Asset Analytix,10.1211719,76.3865737,"Asset Silver Streak, Aluva-Perumbavoor Road, Aluva - 983105, KL, India",Asset Silver Streak,,Aluva-Perumbavoor Road,,,983105,Aluva,Aluva,ER,Kerala,KL,India,in,0,© OpenStreetMap contributors,Open Database License,https://www.openstreetmap.org/copyright
Phoenix Advanced Softwares,18.5620429,73.916663,"Phoenix Marketcity, 207, Viman Nagar Road, Ward 12, Pune - 411014, MH, India",Phoenix Marketcity,207,Viman Nagar Road,,Ward 12,411014,Pune,Pune City,,Maharashtra,MH,India,in,,© OpenStreetMap contributors,Open Database License,https://www.openstreetmap.org/copyright
Catchpoint,,,,,,,,,,,,,,,,,,,,
Singsys Pte,29.4645399,74.6647822,"The Arsh PTE, SH23, Ellenabad - 125102, HR, India",The Arsh PTE,,SH23,,,125102,Ellenabad,Ellenabad,SI,Haryana,HR,India,in,0,© OpenStreetMap contributors,Open Database License,https://www.openstreetmap.org/copyright
IonIdea,12.9778123,77.7222311,"Ionidea, EPIP Zone, Bengaluru - 560066, KA, India",Ionidea,,,Bengaluru East City Corporation,EPIP Zone,560066,Bengaluru,Bangalore East,,Karnataka,KA,India,in,0,© OpenStreetMap contributors,Open Database License,https://www.openstreetmap.org/copyright
Focus Softnet,17.3473217,78.5195889,"Focus Hospital, Bairamalguda Road, Ward 38 IS Sadan, Hyderabad - 500079, TG, India",Focus Hospital,,Bairamalguda Road,Greater Hyderabad Municipal Corporation South Zone,Ward 38 IS Sadan,500079,Hyderabad,Saroornagar mandal,HY,Telangana,TG,India,in,0,© OpenStreetMap contributors,Open Database License,https://www.openstreetmap.org/copyright
AAPNA Infotech,26.82399,75.54525,"Vatika Infotech City, Jaipur, India",,,,,,,Vatika Infotech City,Jaipur,,Rajasthan,RJ,India,in,0,Who's On First,CC0,https://www.whosonfirst.org/docs/licenses/
BuyerForesight,,,,,,,,,,,,,,,,,,,,
Secomind.AI,,,,,,,,,,,,,,,,,,,,
RM Education Solutions India.,29.21408,73.601635,"4 RM, Ganganagar, India",,,,,,,4 RM,Ganganagar,,Rajasthan,RJ,India,in,0,Who's On First,CC0,https://www.whosonfirst.org/docs/licenses/
Joveo,17.4534734,78.3699517,"Joveo, Hitech city Madhapur road, Kothaguda, Hyderabad - 500081, TG, India",Joveo,,Hitech city Madhapur road,West Zone,Kothaguda,500081,Hyderabad,Serilingampalle mandal,HY,Telangana,TG,India,in,0,© OpenStreetMap contributors,Open Database License,https://www.openstreetmap.org/copyright
NCDEX e Markets,,,,,,,,,,,,,,,,,,,,
ControlCase,,,,,,,,,,,,,,,,,,,,
Zenith Software,25.34526,72.6269381,"Software Technology, Shop No.17-19, NH325, Jalore - 343001, RJ, India",Software Technology,Shop No.17-19,NH325,,,343001,Jalore,Jalor Tehsil,JL,Rajasthan,RJ,India,in,0,© OpenStreetMap contributors,Open Database License,https://www.openstreetmap.org/copyright
Learning Spiral,9.587475,76.528214,"Inspire Learning, Erayil kadavu Road, Kottayam - 686004, KL, India",Inspire Learning,,Erayil kadavu Road,,,686004,Kottayam,Kottayam,KT,Kerala,KL,India,in,0,© OpenStreetMap contributors,Open Database License,https://www.openstreetmap.org/copyright
Drish Infotech,26.82399,75.54525,"Vatika Infotech City, Jaipur, India",,,,,,,Vatika Infotech City,Jaipur,,Rajasthan,RJ,India,in,0,Who's On First,CC0,https://www.whosonfirst.org/docs/licenses/
Crestech Software,25.34526,72.6269381,"Software Technology, Shop No.17-19, NH325, Jalore - 343001, RJ, India",Software Technology,Shop No.17-19,NH325,,,343001,Jalore,Jalor Tehsil,JL,Rajasthan,RJ,India,in,0,© OpenStreetMap contributors,Open Database License,https://www.openstreetmap.org/copyright
Algoworks,,,,,,,,,,,,,,,,,,,,
Macrosoft,,,,,,,,,,,,,,,,,,,,
AutoRABIT,,,,,,,,,,,,,,,,,,,,
Hexagon Global,12.9115308,77.6320337,"Hexagon Global, 1236, 18th Cross Road, HSR Layout, Bengaluru - 560102, KA, India",Hexagon Global,1236,18th Cross Road,Bengaluru South City Corporation,HSR Layout,560102,Bengaluru,Bangalore South,BN,Karnataka,KA,India,in,0,© OpenStreetMap contributors,Open Database License,https://www.openstreetmap.org/copyright
Agile CRM,23.665992,86.119191,"CRM, Bokaro - 827016, JH, India",,,CRM,,,827016,Bokaro,Bokaro,BO,Jharkhand,JH,India,in,0,© OpenStreetMap contributors,Open Database License,https://www.openstreetmap.org/copyright
Saggezza,,,,,,,,,,,,,,,,,,,,
Rane t4u,18.284618,74.255206,"Rane Wasti, Pune, India",,,,,,,Rane Wasti,Pune,,Maharashtra,MH,India,in,0,Who's On First,CC0,https://www.whosonfirst.org/docs/licenses/
Leena AI,11.7953199,75.4698961,"Leena Quarters, estate andaloor road, Chirakkuni, Dharmadom - 670661, KL, India",Leena Quarters,,estate andaloor road,,Chirakkuni,670661,Dharmadom,Thalassery,KN,Kerala,KL,India,in,0,© OpenStreetMap contributors,Open Database License,https://www.openstreetmap.org/copyright
AST LLC,20.349079,85.807721,"AuroIN LLC, TCS Footpath, Bhubaneswar Municipal Corporation - 751024, OR, India",AuroIN LLC,,TCS Footpath,,,751024,Bhubaneswar Municipal Corporation,Cuttack,CU,Odisha,OR,India,in,0,© OpenStreetMap contributors,Open Database License,https://www.openstreetmap.org/copyright
Kore.ai,18.7745681,83.3460817,"Kore - 535527, AP, India",,,,,,535527,Kore,Parvathipuram,,Andhra Pradesh,AP,India,in,0,© OpenStreetMap contributors,Open Database License,https://www.openstreetmap.org/copyright
Archwell,12.9821415,77.696903,"Archwell Operations India, 9th Street, Dodda Nekkundi, Bengaluru - 560048, KA, India",Archwell Operations India,,9th Street,Bengaluru East City Corporation,Dodda Nekkundi,560048,Bengaluru,Bangalore East,BN,Karnataka,KA,India,in,0,© OpenStreetMap contributors,Open Database License,https://www.openstreetmap.org/copyright
Vasudhaika Software,25.34526,72.6269381,"Software Technology, Shop No.17-19, NH325, Jalore - 343001, RJ, India",Software Technology,Shop No.17-19,NH325,,,343001,Jalore,Jalor Tehsil,JL,Rajasthan,RJ,India,in,0,© OpenStreetMap contributors,Open Database License,https://www.openstreetmap.org/copyright
Janes,,,,,,,,,,,,,,,,,,,,
Montran Corporation,17.43727,78.38536,"United Technologies Corporation, Serilingampally, Hyderabad, India",United Technologies Corporation,,,West Zone,Serilingampally,,Hyderabad,Hyderabad,HY,Andhra Pradesh,AP,India,in,0,GeoNames,CC BY 4.0,https://www.geonames.org/datasources/
Amnet Systems,22.304211,73.165385,"Omikron Systems, 205 & 206, SAKAR Complex, Old Padra Road, Vadodara - 390007, GJ, India",Omikron Systems,"205 & 206, SAKAR Complex",Old Padra Road,,,390007,Vadodara,Vadodara,,Gujarat,GJ,India,in,0,© OpenStreetMap contributors,Open Database License,https://www.openstreetmap.org/copyright
C1X,,,,,,,,,,,,,,,,,,,,
LiquidHub,17.4470073,78.3558955,"Liquidhub, Old Bombay Road, Ward 106 Serilingampally, Hyderabad - 500032, TG, India",Liquidhub,,Old Bombay Road,West Zone,Ward 106 Serilingampally,500032,Hyderabad,Serilingampalle mandal,HY,Telangana,TG,India,in,0,© OpenStreetMap contributors,Open Database License,https://www.openstreetmap.org/copyright
Wilco Source,,,,,,,,,,,,,,,,,,,,
BBM,23.0935048,86.2118867,"Barabhum, SH4, Balarampur -, WB, India",Barabhum,,SH4,,,,Balarampur,Balarampur,,West Bengal,WB,India,in,0,© OpenStreetMap contributors,Open Database License,https://www.openstreetmap.org/copyright
Krish Compusoft Services,,,,,,,,,,,,,,,,,,,,
Rayden Interactive,17.445777,78.378546,"Interactive Science park, Serilingampally, Hyderabad - 501506, AP, India",,,Interactive Science park,West Zone,Serilingampally,501506,Hyderabad,Hyderabad,HY,Andhra Pradesh,AP,India,in,0,© OpenStreetMap contributors,Open Database License,https://www.openstreetmap.org/copyright
SUMERU SOFTWARE SOLUTIONS,12.9864281,77.5952553,"Planvisage Software Solutions, 35/1, 2nd Floor, Cunningham Hallmark, Cunningham Road, Vasanth Nagar, Bengaluru - 560001, KA, India",Planvisage Software Solutions,"35/1, 2nd Floor, Cunningham Hallmark",Cunningham Road,Bengaluru Central City Corporation,Vasanth Nagar,560001,Bengaluru,Bangalore North,BN,Karnataka,KA,India,in,0,© OpenStreetMap contributors,Open Database License,https://www.openstreetmap.org/copyright
iauro Systems,22.304211,73.165385,"Omikron Systems, 205 & 206, SAKAR Complex, Old Padra Road, Vadodara - 390007, GJ, India",Omikron Systems,"205 & 206, SAKAR Complex",Old Padra Road,,,390007,Vadodara,Vadodara,,Gujarat,GJ,India,in,0,© OpenStreetMap contributors,Open Database License,https://www.openstreetmap.org/copyright
Stellar Information Technology,28.5484727,77.2534986,"Stellar Information Technology Private Limited, 88, Nehru Place, Kalkaji Tehsil, Delhi - 110019, DL, India",Stellar Information Technology Private Limited,88,Nehru Place,South East Delhi,Kalkaji Tehsil,110019,Delhi,South West Delhi,SW,Delhi,DL,India,in,0,© OpenStreetMap contributors,Open Database License,https://www.openstreetmap.org/copyright
iPass,,,,,,,,,,,,,,,,,,,,
Juntran Technologies,28.65003,77.23144,"PointerSoft Technologies Pvt Lmt, Jama Masjid, Delhi, South West Delhi, India",PointerSoft Technologies Pvt Lmt,,,,Jama Masjid,,Delhi,South West Delhi,SW,Delhi,DL,India,in,0,GeoNames,CC BY 4.0,https://www.geonames.org/datasources/
Heptagon Technologies,28.65003,77.23144,"PointerSoft Technologies Pvt Lmt, Jama Masjid, Delhi, South West Delhi, India",PointerSoft Technologies Pvt Lmt,,,,Jama Masjid,,Delhi,South West Delhi,SW,Delhi,DL,India,in,0,GeoNames,CC BY 4.0,https://www.geonames.org/datasources/
SigTuple,,,,,,,,,,,,,,,,,,,,
Magic EdTech,12.9792783,77.6951985,"Lassi Magic, Service Road, Dodda Nekkundi, Bengaluru - 560048, KA, India",Lassi Magic,,Service Road,Bengaluru East City Corporation,Dodda Nekkundi,560048,Bengaluru,Bangalore East,BN,Karnataka,KA,India,in,0,© OpenStreetMap contributors,Open Database License,https://www.openstreetmap.org/copyright
Prodevans Technologies,28.65003,77.23144,"PointerSoft Technologies Pvt Lmt, Jama Masjid, Delhi, South West Delhi, India",PointerSoft Technologies Pvt Lmt,,,,Jama Masjid,,Delhi,South West Delhi,SW,Delhi,DL,India,in,0,GeoNames,CC BY 4.0,https://www.geonames.org/datasources/
VOLANSYS,,,,,,,,,,,,,,,,,,,,
MatchPoint Solutions,12.98049,77.60469,"Mobipro Solutions, Bangalore, India",Mobipro Solutions,,,East Bangalore,Mobipro Solutions,,Bangalore,Bangalore,,Karnataka,KA,India,in,0,Who's On First,CC0,https://www.whosonfirst.org/docs/licenses/
Bizom,,,,,,,,,,,,,,,,,,,,
RxLogix,,,,,,,,,,,,,,,,,,,,
SixSails,,,,,,,,,,,,,,,,,,,,
Accelalpha,,,,,,,,,,,,,,,,,,,,
Deque Systems,22.304211,73.165385,"Omikron Systems, 205 & 206, SAKAR Complex, Old Padra Road, Vadodara - 390007, GJ, India",Omikron Systems,"205 & 206, SAKAR Complex",Old Padra Road,,,390007,Vadodara,Vadodara,,Gujarat,GJ,India,in,0,© OpenStreetMap contributors,Open Database License,https://www.openstreetmap.org/copyright
eReleGo Technologies,28.65003,77.23144,"PointerSoft Technologies Pvt Lmt, Jama Masjid, Delhi, South West Delhi, India",PointerSoft Technologies Pvt Lmt,,,,Jama Masjid,,Delhi,South West Delhi,SW,Delhi,DL,India,in,0,GeoNames,CC BY 4.0,https://www.geonames.org/datasources/
ARK Infosolutions,15.5764997,73.7448343,"Goa's Ark, 882, Flea Market Road, Anjuna, - 403509, GA, India",Goa's Ark,882,Flea Market Road,Grande Peddem,Anjuna,403509,,Bardez,NG,Goa,GA,India,in,0,© OpenStreetMap contributors,Open Database License,https://www.openstreetmap.org/copyright
Naico ITS,22.25084,84.85775,"Raurkela ITS P S, Sundargarh, India",,,,,,,Raurkela ITS P S,Sundargarh,SU,Odisha,OR,India,in,0,GeoNames,CC BY 4.0,https://www.geonames.org/datasources/
Editorialist,,,,,,,,,,,,,,,,,,,,
Blume Global,,,,,,,,,,,,,,,,,,,,
Concord Technologies,11.954028,75.51391,"Concord Public School, Thalasseri - Irikkur Road, Nayattupara - 670595, KL, India",Concord Public School,,Thalasseri - Irikkur Road,,,670595,Nayattupara,Kannur,KN,Kerala,KL,India,in,0,© OpenStreetMap contributors,Open Database License,https://www.openstreetmap.org/copyright
Spiceworks Ziff Davis,,,,,,,,,,,,,,,,,,,,
TALENTPLOYER,,,,,,,,,,,,,,,,,,,,
Evolgence Telecom Systems,,,,,,,,,,,,,,,,,,,,
Wibmo,,,,,,,,,,,,,,,,,,,,
DLT Labs,13.01012,77.644967,"Saartha Labs Private Labs, 12, 2nd floor, Banaswadi Main Road, Banasavadi, Bangalore - 560043, KA, India",Saartha Labs Private Labs,"12, 2nd floor",Banaswadi Main Road,East Bangalore,Banasavadi,560043,Bangalore,Bangalore,BN,Karnataka,KA,India,in,0,© OpenStreetMap contributors,Open Database License,https://www.openstreetmap.org/copyright
RevGurus Inc,22.31028,73.16672,"Webmyne INC, Vadodara, India",Webmyne INC,,,,Webmyne INC,,Vadodara,Vadodara,,Gujarat,GJ,India,in,0,Who's On First,CC0,https://www.whosonfirst.org/docs/licenses/
MulticoreWare Inc,22.31028,73.16672,"Webmyne INC, Vadodara, India",Webmyne INC,,,,Webmyne INC,,Vadodara,Vadodara,,Gujarat,GJ,India,in,0,Who's On First,CC0,https://www.whosonfirst.org/docs/licenses/
Cognitus,,,,,,,,,,,,,,,,,,,,
ContractPodAi,,,,,,,,,,,,,,,,,,,,
Gameopedia,,,,,,,,,,,,,,,,,,,,
Saviant Consulting,28.4935315,77.088317,"Boston Consulting Group, DLF Tower 10th Road, Sector 25A, Gurgaon - 122010, HR, India",Boston Consulting Group,,DLF Tower 10th Road,Gurgaon,Sector 25A,122010,Gurgaon,Gurugram,GG,Haryana,HR,India,in,0,© OpenStreetMap contributors,Open Database License,https://www.openstreetmap.org/copyright
ReBIT,,,,,,,,,,,,,,,,,,,,
CashKaro.com,,,,,,,,,,,,,,,,,,,,
RAH Infotech,26.82399,75.54525,"Vatika Infotech City, Jaipur, India",,,,,,,Vatika Infotech City,Jaipur,,Rajasthan,RJ,India,in,0,Who's On First,CC0,https://www.whosonfirst.org/docs/licenses/
Tata Communications,18.9344358,72.8306851,"Tata Communications, Fort, Mumbai City District, India",Tata Communications,,,Mumbai Zone 1,Fort,,,Mumbai City District,,Maharashtra,MH,India,in,0,© OpenStreetMap contributors,Open Database License,https://www.openstreetmap.org/copyright
KlearNow,,,,,,,,,,,,,,,,,,,,
FranConnect,,,,,,,,,,,,,,,,,,,,
Anaqua,,,,,,,,,,,,,,,,,,,,
Kiya.ai,32.7967356,76.1976313,"Kiya - 176321, HP, India",,,,,,176321,Kiya,Chaurah,,Himachal Pradesh,HP,India,in,0,© OpenStreetMap contributors,Open Database License,https://www.openstreetmap.org/copyright
Netomi,,,,,,,,,,,,,,,,,,,,
Petro IT,22.37549,73.11812,"Petro-Chemical Complex INA, Vadodara, India",,,,,,,Petro-Chemical Complex INA,Vadodara,,Gujarat,GJ,India,in,0,GeoNames,CC BY 4.0,https://www.geonames.org/datasources/
JUSPAY,22.5691231,88.4358321,"The Meridian, Juspay Office, Ring Road, Sector V, Bidhannagar - 700091, WB, India",The Meridian,Juspay Office,Ring Road,GP Block,Sector V,700091,Bidhannagar,Bidhannagar,,West Bengal,WB,India,in,0,© OpenStreetMap contributors,Open Database License,https://www.openstreetmap.org/copyright
Milkbasket,28.6042183,77.3916146,"Milkbasket, Noida, Dadri, India",Milkbasket,,,,Milkbasket,,Noida,Dadri,,Uttar Pradesh,UP,India,in,0,© OpenStreetMap contributors,Open Database License,https://www.openstreetmap.org/copyright
coMakeIT,,,,,,,,,,,,,,,,,,,,
Tanisha Systems,19.0687195,72.8357291,"Tanisha, 9th Road, Khar, Mumbai - 400052, MH, India",Tanisha,,9th Road,Mumbai Zone 3,Khar,400052,Mumbai,Mumbai Suburban District,MU,Maharashtra,MH,India,in,0,© OpenStreetMap contributors,Open Database License,https://www.openstreetmap.org/copyright
Sense,13.057458,77.5910073,"4 Sense Skin, Hair And ENT Clinic, Kodigehalli Road, Sahakaranagara, Bengaluru - 560092, KA, India","4 Sense Skin, Hair And ENT Clinic",,Kodigehalli Road,Bengaluru North City Corporation,Sahakaranagara,560092,Bengaluru,Yelahanka taluku,,Karnataka,KA,India,in,0,© OpenStreetMap contributors,Open Database License,https://www.openstreetmap.org/copyright
Virtual Height IT Services,,,,,,,,,,,,,,,,,,,,
Digitate,,,,,,,,,,,,,,,,,,,,
ACPL Systems,22.304211,73.165385,"Omikron Systems, 205 & 206, SAKAR Complex, Old Padra Road, Vadodara - 390007, GJ, India",Omikron Systems,"205 & 206, SAKAR Complex",Old Padra Road,,,390007,Vadodara,Vadodara,,Gujarat,GJ,India,in,0,© OpenStreetMap contributors,Open Database License,https://www.openstreetmap.org/copyright
NuWare,12.9789822,77.6448949,"Nuware Systems, Sri Krishna Temple Road, Indiranagar, Bengaluru - 560038, KA, India",Nuware Systems,,Sri Krishna Temple Road,Bengaluru Central City Corporation,Indiranagar,560038,Bengaluru,Bangalore North,BN,Karnataka,KA,India,in,0,© OpenStreetMap contributors,Open Database License,https://www.openstreetmap.org/copyright
Softenger,,,,,,,,,,,,,,,,,,,,
"Digite,",,,,,,,,,,,,,,,,,,,,
LRN,,,,,,,,,,,,,,,,,,,,
Four Soft,12.8705307,77.5374469,"Soft Designers, 234/146, Kanakapura Road, Talagattapura, Bengaluru - 560062, KA, India",Soft Designers,234/146,Kanakapura Road,Bengaluru South City Corporation,Talagattapura,560062,Bengaluru,Bangalore South,BN,Karnataka,KA,India,in,0,© OpenStreetMap contributors,Open Database License,https://www.openstreetmap.org/copyright
BlueRose Technologies,28.65003,77.23144,"PointerSoft Technologies Pvt Lmt, Jama Masjid, Delhi, South West Delhi, India",PointerSoft Technologies Pvt Lmt,,,,Jama Masjid,,Delhi,South West Delhi,SW,Delhi,DL,India,in,0,GeoNames,CC BY 4.0,https://www.geonames.org/datasources/
Valuepitch E Technologies,13.1740188,77.741812,"North East Technologies, Ramanahalli - 560300, KA, India",North East Technologies,,North East Technologies,,North East Technologies,560300,Ramanahalli,Devanahalli taluku,BU,Karnataka,KA,India,in,0,© OpenStreetMap contributors,Open Database License,https://www.openstreetmap.org/copyright
Agile Global Solutions,12.9586068,77.564911,"Sidvin global solutions, 3rd Main Road, Chamarajapete, Bengaluru - 560018, KA, India",Sidvin global solutions,,3rd Main Road,Bengaluru Central City Corporation,Chamarajapete,560018,Bengaluru,Bangalore North,BN,Karnataka,KA,India,in,0,© OpenStreetMap contributors,Open Database License,https://www.openstreetmap.org/copyright
NetCom Learning,9.587475,76.528214,"Inspire Learning, Erayil kadavu Road, Kottayam - 686004, KL, India",Inspire Learning,,Erayil kadavu Road,,,686004,Kottayam,Kottayam,KT,Kerala,KL,India,in,0,© OpenStreetMap contributors,Open Database License,https://www.openstreetmap.org/copyright
Kastech Software Solutions Group,,,,,,,,,,,,,,,,,,,,
Soltius Indonesia,,,,,,,,,,,,,,,,,,,,
Atyeti Inc,22.31028,73.16672,"Webmyne INC, Vadodara, India",Webmyne INC,,,,Webmyne INC,,Vadodara,Vadodara,,Gujarat,GJ,India,in,0,Who's On First,CC0,https://www.whosonfirst.org/docs/licenses/
Ameyo,,,,,,,,,,,,,,,,,,,,
ValueCoders,,,,,,,,,,,,,,,,,,,,
Destek Infosolutions,,,,,,,,,,,,,,,,,,,,
Aurus Inc,18.560962,73.769364,"Aurus, Aundh, Pune - 411045, MH, India",,,Aurus,Aundh,,411045,Pune,Pune,PU,Maharashtra,MH,India,in,0,© OpenStreetMap contributors,Open Database License,https://www.openstreetmap.org/copyright
Ayoconnect,,,,,,,,,,,,,,,,,,,,
Signity Software Solutions,12.9864281,77.5952553,"Planvisage Software Solutions, 35/1, 2nd Floor, Cunningham Hallmark, Cunningham Road, Vasanth Nagar, Bengaluru - 560001, KA, India",Planvisage Software Solutions,"35/1, 2nd Floor, Cunningham Hallmark",Cunningham Road,Bengaluru Central City Corporation,Vasanth Nagar,560001,Bengaluru,Bangalore North,BN,Karnataka,KA,India,in,0,© OpenStreetMap contributors,Open Database License,https://www.openstreetmap.org/copyright
RudderStack,,,,,,,,,,,,,,,,,,,,
Neudesic Technologies,28.65003,77.23144,"PointerSoft Technologies Pvt Lmt, Jama Masjid, Delhi, South West Delhi, India",PointerSoft Technologies Pvt Lmt,,,,Jama Masjid,,Delhi,South West Delhi,SW,Delhi,DL,India,in,0,GeoNames,CC BY 4.0,https://www.geonames.org/datasources/
Leader Investment Group,25.443491,81.830934,"Leader Road, Allahabad - 211023, UP, India",,,Leader Road,,,211023,Allahabad,Allahabad,AH,Uttar Pradesh,UP,India,in,0,© OpenStreetMap contributors,Open Database License,https://www.openstreetmap.org/copyright
Tarento Group,16.417351,81.779701,"Madhya Group, East Godavari, India",,,,,,,Madhya Group,East Godavari,,Andhra Pradesh,AP,India,in,0,Who's On First,CC0,https://www.whosonfirst.org/docs/licenses/
Netcon Technologies India,28.65003,77.23144,"PointerSoft Technologies Pvt Lmt, Jama Masjid, Delhi, South West Delhi, India",PointerSoft Technologies Pvt Lmt,,,,Jama Masjid,,Delhi,South West Delhi,SW,Delhi,DL,India,in,0,GeoNames,CC BY 4.0,https://www.geonames.org/datasources/
Credencys Solutions,12.98049,77.60469,"Mobipro Solutions, Bangalore, India",Mobipro Solutions,,,East Bangalore,Mobipro Solutions,,Bangalore,Bangalore,,Karnataka,KA,India,in,0,Who's On First,CC0,https://www.whosonfirst.org/docs/licenses/
Hexagon Geosystems,23.1780807,80.0245589,"Hexagon, Airport Road, Cantonment, Jabalpur - 482005, MP, India",Hexagon,,Airport Road,Cantonment,,482005,Jabalpur,Ranjhi Tahsil,JA,Madhya Pradesh,MP,India,in,0,© OpenStreetMap contributors,Open Database License,https://www.openstreetmap.org/copyright
SCIO Health Analytics,,,,,,,,,,,,,,,,,,,,
ITTDigital,,,,,,,,,,,,,,,,,,,,
CallidusCloud,,,,,,,,,,,,,,,,,,,,
Aggne,,,,,,,,,,,,,,,,,,,,
Infinite Uptime,12.897349,77.677868,"Century infinite, Bellanduru, Bangalore - 560035, KA, India",,,Century infinite,Mahadevapura,Bellanduru,560035,Bangalore,Bangalore,BN,Karnataka,KA,India,in,0,© OpenStreetMap contributors,Open Database License,https://www.openstreetmap.org/copyright
CyberSec Consulting,28.4935315,77.088317,"Boston Consulting Group, DLF Tower 10th Road, Sector 25A, Gurgaon - 122010, HR, India",Boston Consulting Group,,DLF Tower 10th Road,Gurgaon,Sector 25A,122010,Gurgaon,Gurugram,GG,Haryana,HR,India,in,0,© OpenStreetMap contributors,Open Database License,https://www.openstreetmap.org/copyright
Aptos Retail,12.9339541,77.6943737,"Aptos, BGL17 Exit, Panathur, Bengaluru - 560103, KA, India",Aptos,,BGL17 Exit,Bengaluru East City Corporation,Panathur,560103,Bengaluru,Bangalore East,BN,Karnataka,KA,India,in,0,© OpenStreetMap contributors,Open Database License,https://www.openstreetmap.org/copyright
Applexus Technologies,12.915981,77.651606,"Foradian Technologies, 2569/665, 27th Main Rd, 1st Sector, HSR Layout, HSR Layout, Bangalore - 560102, KA, India",Foradian Technologies,2569/665,"27th Main Rd, 1st Sector, HSR Layout",Bommanahalli ,HSR Layout,560102,Bangalore,Bangalore,BN,Karnataka,KA,India,in,0,© OpenStreetMap contributors,Open Database License,https://www.openstreetmap.org/copyright
Alchemy Techsol India,12.9658984,77.5985652,"Alchemy, Field Marshal Cariappa Cycle Path, Ashokanagar, Bengaluru - 560025, KA, India",Alchemy,,Field Marshal Cariappa Cycle Path,Bengaluru Central City Corporation,Ashokanagar,560025,Bengaluru,Bangalore North,BN,Karnataka,KA,India,in,0,© OpenStreetMap contributors,Open Database License,https://www.openstreetmap.org/copyright
Merkle Science,23.077854,72.494798,"Science City, Sola, Bhadaj - 382220, GJ, India",Science City,,,,Sola,382220,Bhadaj,Ghatlodiya Taluka,,Gujarat,GJ,India,in,,© OpenStreetMap contributors,Open Database License,https://www.openstreetmap.org/copyright
Virinchi,12.9743864,77.7148709,"Virinchi Residence, 7th Cross Road, EPIP Zone, Bengaluru - 560066, KA, India",Virinchi Residence,,7th Cross Road,Bengaluru East City Corporation,EPIP Zone,560066,Bengaluru,Bangalore East,BN,Karnataka,KA,India,in,0,© OpenStreetMap contributors,Open Database License,https://www.openstreetmap.org/copyright
Tenerity India,,,,,,,,,,,,,,,,,,,,
Cientra,,,,,,,,,,,,,,,,,,,,
JioSaavn,,,,,,,,,,,,,,,,,,,,
Solution Analysts,25.624946,85.05557,"Print Solution, 2, Gola Road, Danapur, Dinapore - 801503, BR, India",Print Solution,2,"Gola Road, Danapur",,,801503,Dinapore,Patna,PA,Bihar,BR,India,in,0,© OpenStreetMap contributors,Open Database License,https://www.openstreetmap.org/copyright
"Encore Software Services,",17.4386629,78.3869782,"Jigya Software Services, 12, Vittal rao Nagar road, Madhapur, Hyderabad - 500081, TG, India",Jigya Software Services,12,Vittal rao Nagar road,West Zone,Madhapur,500081,Hyderabad,Serilingampalle mandal,HY,Telangana,TG,India,in,0,© OpenStreetMap contributors,Open Database License,https://www.openstreetmap.org/copyright
Gram Tarang Employability Training Services,,,,,,,,,,,,,,,,,,,,
MobileCoderz,,,,,,,,,,,,,,,,,,,,
Pratham Software,26.302631,89.619824,"Ghogarkuthi Pratham Khanda, Koch Bihar, India",,,,,,,Ghogarkuthi Pratham Khanda,Koch Bihar,,West Bengal,WB,India,in,0,Who's On First,CC0,https://www.whosonfirst.org/docs/licenses/
Cyntexa,,,,,,,,,,,,,,,,,,,,
Intelegencia,,,,,,,,,,,,,,,,,,,,
TransUnion CIBIL,,,,,,,,,,,,,,,,,,,,
Klaus IT Solutions,,,,,,,,,,,,,,,,,,,,
Zoondia,,,,,,,,,,,,,,,,,,,,
impress.ai,,,,,,,,,,,,,,,,,,,,
CTS,19.0761014,72.8278013,"CTS PLOT NO 896, Bandra West, Mumbai, Mumbai Suburban District, India",CTS PLOT NO 896,,,Mumbai Zone 3,Bandra West,,Mumbai,Mumbai Suburban District,,Maharashtra,MH,India,in,0,© OpenStreetMap contributors,Open Database License,https://www.openstreetmap.org/copyright
Fiserv Insurance Solutions,12.975781,77.604384,"Future Generali Total Insurance Solutions, Shantala Nagar, Bangalore - 560001, KA, India",Future Generali Total Insurance Solutions,,,East Bangalore,Shantala Nagar,560001,Bangalore,Bangalore,BN,Karnataka,KA,India,in,0,© OpenStreetMap contributors,Open Database License,https://www.openstreetmap.org/copyright
Drishti,30.7653039,75.7633914,"Drishti, Ballowal - Narangwal Kalan Road, Narangwal Kalan - 141203, PB, India",Drishti,,Ballowal - Narangwal Kalan Road,,,141203,Narangwal Kalan,Ludhiana (West) Tahsil,LU,Punjab,PB,India,in,0,© OpenStreetMap contributors,Open Database License,https://www.openstreetmap.org/copyright
Value Point Systems,13.057181,80.201069,"PNT Road, Ward 129, Chennai - 600107, TN, India",,,PNT Road,Kodambakkam,Ward 129,600107,Chennai,Chennai,CH,Tamil Nadu,TN,India,in,0,© OpenStreetMap contributors,Open Database License,https://www.openstreetmap.org/copyright
Frontizo Business Services,10.532049,76.2623842,"GramPro Business Services Private Limited, Mannuthy Urakkam Road, Thrissur - 680655, KL, India",GramPro Business Services Private Limited,,Mannuthy Urakkam Road,,,680655,Thrissur,Thrissur,TS,Kerala,KL,India,in,0,© OpenStreetMap contributors,Open Database License,https://www.openstreetmap.org/copyright
Probe42,,,,,,,,,,,,,,,,,,,,
StraViso,,,,,,,,,,,,,,,,,,,,
Skuad,,,,,,,,,,,,,,,,,,,,
EagleView India,28.193235,94.154038,"Arunachal Pradesh, India",Arunachal Pradesh,,,,,,,,,,,India,in,1,Who's On First,CC0,https://www.whosonfirst.org/docs/licenses/
System Soft Technologies,16.5260038,80.7796088,"EP Soft Technologies, NH16, Venkatanarasimhapuram, Gannavaram - 521101, AP, India",EP Soft Technologies,,NH16,,Venkatanarasimhapuram,521101,Gannavaram,Gannavaram,KR,Andhra Pradesh,AP,India,in,0,© OpenStreetMap contributors,Open Database License,https://www.openstreetmap.org/copyright
ITOrizon,,,,,,,,,,,,,,,,,,,,
Aztecsoft,18.5933986,73.7329463,"Aztecsoft, Service Road, Hinjawadi Phase 1, Hinjawadi - 411057, MH, India",Aztecsoft,,Service Road,,Hinjawadi Phase 1,411057,Hinjawadi,Mulshi,PU,Maharashtra,MH,India,in,0,© OpenStreetMap contributors,Open Database License,https://www.openstreetmap.org/copyright
Jeevan Technologies,12.9690353,77.647926,"Dbaux Technologies, Floor 2, Jeevan Bhima Nagar Main Road, Indiranagar, Bengaluru - 560075, KA, India",Dbaux Technologies,Floor 2,Jeevan Bhima Nagar Main Road,Bengaluru Central City Corporation,Indiranagar,560075,Bengaluru,Bangalore East,,Karnataka,KA,India,in,0,© OpenStreetMap contributors,Open Database License,https://www.openstreetmap.org/copyright
BoardEx,,,,,,,,,,,,,,,,,,,,
Techpoint,,,,,,,,,,,,,,,,,,,,
Komprise,,,,,,,,,,,,,,,,,,,,
FUGO Services,30.111017,78.2825,"Services, Someshwar Nagar, Rishikesh - 249201, UT, India",,,Services,,Someshwar Nagar,249201,Rishikesh,Dehradun,DD,Uttarakhand,UT,India,in,0,© OpenStreetMap contributors,Open Database License,https://www.openstreetmap.org/copyright
Collaborate Solutions,12.98049,77.60469,"Mobipro Solutions, Bangalore, India",Mobipro Solutions,,,East Bangalore,Mobipro Solutions,,Bangalore,Bangalore,,Karnataka,KA,India,in,0,Who's On First,CC0,https://www.whosonfirst.org/docs/licenses/
Inspirage,,,,,,,,,,,,,,,,,,,,
Tetrasoft,,,,,,,,,,,,,,,,,,,,
"SpringML,",,,,,,,,,,,,,,,,,,,,
Geval6 Inc,22.31028,73.16672,"Webmyne INC, Vadodara, India",Webmyne INC,,,,Webmyne INC,,Vadodara,Vadodara,,Gujarat,GJ,India,in,0,Who's On First,CC0,https://www.whosonfirst.org/docs/licenses/
EDR Continuous Information,,,,,,,,,,,,,,,,,,,,
Manappuram Comptech & Consultants,10.5362904,76.2154077,"Manappuram Comptech and Consultants Lmtd, Kovilakam Padam Road, Chembukkavu, Thrissur - 680022, KL, India",Manappuram Comptech and Consultants Lmtd,,Kovilakam Padam Road,,Chembukkavu,680022,Thrissur,Thrissur,TS,Kerala,KL,India,in,0,© OpenStreetMap contributors,Open Database License,https://www.openstreetmap.org/copyright
Silverline,12.900276,77.6500415,"Akruthi Silverline, Agara, Bengaluru - 560102, KA, India",Akruthi Silverline,,,Bengaluru South City Corporation,Agara,560102,Bengaluru,Bangalore South,,Karnataka,KA,India,in,0,© OpenStreetMap contributors,Open Database License,https://www.openstreetmap.org/copyright
SumTotal Systems,22.304211,73.165385,"Omikron Systems, 205 & 206, SAKAR Complex, Old Padra Road, Vadodara - 390007, GJ, India",Omikron Systems,"205 & 206, SAKAR Complex",Old Padra Road,,,390007,Vadodara,Vadodara,,Gujarat,GJ,India,in,0,© OpenStreetMap contributors,Open Database License,https://www.openstreetmap.org/copyright
Logisoft Technologies,28.65003,77.23144,"PointerSoft Technologies Pvt Lmt, Jama Masjid, Delhi, South West Delhi, India",PointerSoft Technologies Pvt Lmt,,,,Jama Masjid,,Delhi,South West Delhi,SW,Delhi,DL,India,in,0,GeoNames,CC BY 4.0,https://www.geonames.org/datasources/
Aequor Technologies,28.65003,77.23144,"PointerSoft Technologies Pvt Lmt, Jama Masjid, Delhi, South West Delhi, India",PointerSoft Technologies Pvt Lmt,,,,Jama Masjid,,Delhi,South West Delhi,SW,Delhi,DL,India,in,0,GeoNames,CC BY 4.0,https://www.geonames.org/datasources/
TAC,27.1750075,78.0421013,"Taj Mahal, Taj East Gate Road, Taj Ganj, Agra - 282004, UP, India",Taj Mahal,,Taj East Gate Road,,Taj Ganj,282004,Agra,Agra,,Uttar Pradesh,UP,India,in,0,© OpenStreetMap contributors,Open Database License,https://www.openstreetmap.org/copyright
Mindstix Software Labs,18.5740173,73.7696176,"Fintalk Software Labs Pvt. Ltd., A-4, Kiran Suyog, Laxman Nagar, Balewadi, Balewadi Road, Balewadi, Pune - 411045, MH, India",Fintalk Software Labs Pvt. Ltd.,"A-4, Kiran Suyog, Laxman Nagar, Balewadi",Balewadi Road,Aundh,Balewadi,411045,Pune,Pune City,PU,Maharashtra,MH,India,in,0,© OpenStreetMap contributors,Open Database License,https://www.openstreetmap.org/copyright
"SSIT,",23.1149923,72.6301367,"SSIT (Shree Swaminarayan institute of technology), Gandhinagar-Ahmedabad Highway, Bhat, Bhat - 382428, GJ, India",SSIT (Shree Swaminarayan institute of technology),,Gandhinagar-Ahmedabad Highway,,Bhat,382428,Bhat,Gandhinagar Taluka,GA,Gujarat,GJ,India,in,0,© OpenStreetMap contributors,Open Database License,https://www.openstreetmap.org/copyright
Noblesoft Technologies,28.65003,77.23144,"PointerSoft Technologies Pvt Lmt, Jama Masjid, Delhi, South West Delhi, India",PointerSoft Technologies Pvt Lmt,,,,Jama Masjid,,Delhi,South West Delhi,SW,Delhi,DL,India,in,0,GeoNames,CC BY 4.0,https://www.geonames.org/datasources/
i,,,,,,,,,,,,,,,,,,,,
Sears Holdings India,9.9650388,76.3021862,"JSF Holdings, Cheruparambath Road, Kadavanthra, Ernakulam - 682020, KL, India",JSF Holdings,,Cheruparambath Road,,Kadavanthra,682020,Ernakulam,Kanayannur,ER,Kerala,KL,India,in,0,© OpenStreetMap contributors,Open Database License,https://www.openstreetmap.org/copyright
AmZetta Technologies,28.65003,77.23144,"PointerSoft Technologies Pvt Lmt, Jama Masjid, Delhi, South West Delhi, India",PointerSoft Technologies Pvt Lmt,,,,Jama Masjid,,Delhi,South West Delhi,SW,Delhi,DL,India,in,0,GeoNames,CC BY 4.0,https://www.geonames.org/datasources/
OneGlobe,,,,,,,,,,,,,,,,,,,,
Aethereus,,,,,,,,,,,,,,,,,,,,
Napier Healthcare,8.5089308,76.9551433,"Napier Museum, Museum Road, Vellayambalam, Thiruvananthapuram - 695001, KL, India",Napier Museum,,Museum Road,Lenin Nagar,Vellayambalam,695001,Thiruvananthapuram,Thiruvananthapuram,TV,Kerala,KL,India,in,0,© OpenStreetMap contributors,Open Database License,https://www.openstreetmap.org/copyright
ITILITE,,,,,,,,,,,,,,,,,,,,
Truminds Software Systems,12.970549,77.645716,"Accord Software & Systems Pvt Ltd, Hoysala Nagar, Bangalore - 560038, KA, India",Accord Software & Systems Pvt Ltd,,,East Bangalore,Hoysala Nagar,560038,Bangalore,Bangalore,BN,Karnataka,KA,India,in,0,© OpenStreetMap contributors,Open Database License,https://www.openstreetmap.org/copyright
Ultimate Digital Solutions,26.902074,75.835389,"RasuKoo Digital Solutions, D-20/21, Mandir Marg, Adarsh Nagar, Jaipur - 302004, RJ, India",RasuKoo Digital Solutions,D-20/21,Mandir Marg,Saket Colony,Adarsh Nagar,302004,Jaipur,Jaipur Tehsil,JP,Rajasthan,RJ,India,in,0,© OpenStreetMap contributors,Open Database License,https://www.openstreetmap.org/copyright
U3 Infotech,12.9819012,77.7227821,"Larsen & Toubro Infotech Ltd, 25 - 31, Kaveri Nagara, Bengaluru - 560066, KA, India",Larsen & Toubro Infotech Ltd,25 - 31,,Bengaluru East City Corporation,Kaveri Nagara,560066,Bengaluru,Bangalore East,,Karnataka,KA,India,in,0,© OpenStreetMap contributors,Open Database License,https://www.openstreetmap.org/copyright
Telliant Systems,22.304211,73.165385,"Omikron Systems, 205 & 206, SAKAR Complex, Old Padra Road, Vadodara - 390007, GJ, India",Omikron Systems,"205 & 206, SAKAR Complex",Old Padra Road,,,390007,Vadodara,Vadodara,,Gujarat,GJ,India,in,0,© OpenStreetMap contributors,Open Database License,https://www.openstreetmap.org/copyright
Business Integra Inc,22.2714556,70.7979507,"ATLANTIC BUSINESS INC, 3, Ram Nagar, Swami Vivekananda Flyover, Rajkot - 360004, GJ, India",ATLANTIC BUSINESS INC,"3, Ram Nagar",Swami Vivekananda Flyover,,,360004,Rajkot,Rajkot East Taluka,RK,Gujarat,GJ,India,in,0,© OpenStreetMap contributors,Open Database License,https://www.openstreetmap.org/copyright
The MIL Corporation,13.093363,80.2853725,"The Indian Leather Corporation Limited, Davidson Street, Zone 5 Royapuram, Chennai - 600079, TN, India",The Indian Leather Corporation Limited,,Davidson Street,CMWSSB Division 57,Zone 5 Royapuram,600079,Chennai,Chennai,CH,Tamil Nadu,TN,India,in,0,© OpenStreetMap contributors,Open Database License,https://www.openstreetmap.org/copyright
Infosys Finacle,30.7273172,76.8435226,"Plot Number 1, Infosys, Chandigarh - 160101, CH, India",Infosys,Plot Number 1,,Ward 26,Infosys,160101,Chandigarh,Chandigarh,,Chandigarh,CH,India,in,,© OpenStreetMap contributors,Open Database License,https://www.openstreetmap.org/copyright
AG Technologies,12.3634413,76.5961002,"Infosys Technologies Limited, Mysuru - 570001, KA, India",Infosys Technologies Limited,,,,Infosys Technologies Limited,570001,Mysuru,Mysuru taluk,,Karnataka,KA,India,in,0,© OpenStreetMap contributors,Open Database License,https://www.openstreetmap.org/copyright
Relationship Science,23.077854,72.494798,"Science City, Sola, Bhadaj - 382220, GJ, India",Science City,,,,Sola,382220,Bhadaj,Ghatlodiya Taluka,,Gujarat,GJ,India,in,,© OpenStreetMap contributors,Open Database License,https://www.openstreetmap.org/copyright
Affluent Global Services,12.980156,77.602371,"VFS Global Services, Unit No. 305, Level 3, Second Floor, Prestige Atrium, No.1 Central Street, Shivaji Nagar, Central Street, Sampangiram Nagar, Bangalore - 560001, KA, India",VFS Global Services,"Unit No. 305, Level 3, Second Floor, Prestige Atrium, No.1 Central Street, Shivaji Nagar",Central Street,East Bangalore,Sampangiram Nagar,560001,Bangalore,Bangalore,BN,Karnataka,KA,India,in,0,© OpenStreetMap contributors,Open Database License,https://www.openstreetmap.org/copyright
Unitech,28.4428641,77.0558748,"Unitech Cyber Park, Sector 39, Gurgaon, India",Unitech Cyber Park,,,Gurgaon,Sector 39,,Gurgaon,,,Haryana,HR,India,in,0,© OpenStreetMap contributors,Open Database License,https://www.openstreetmap.org/copyright
"Utopia Global,",12.931379,77.744783,"Brigade Cornerstone Utopia, Varthuru, Bangalore -, KA, India",,,Brigade Cornerstone Utopia,Mahadevapura,Varthuru,,Bangalore,Bangalore,BN,Karnataka,KA,India,in,0,© OpenStreetMap contributors,Open Database License,https://www.openstreetmap.org/copyright
Euclid Innovations,17.4523593,78.3628041,"Euclid Innovations, 650 SLN Terminus, Gachibowli - Miyapur Highway, Ward 106 Serilingampally, Hyderabad - 500084, TG, India",Euclid Innovations,650 SLN Terminus,Gachibowli - Miyapur Highway,Studiorigin - Interior Designer in Hyderabad,Ward 106 Serilingampally,500084,Hyderabad,Serilingampalle mandal,HY,Telangana,TG,India,in,0,© OpenStreetMap contributors,Open Database License,https://www.openstreetmap.org/copyright
Konverge Technologies,28.65003,77.23144,"PointerSoft Technologies Pvt Lmt, Jama Masjid, Delhi, South West Delhi, India",PointerSoft Technologies Pvt Lmt,,,,Jama Masjid,,Delhi,South West Delhi,SW,Delhi,DL,India,in,0,GeoNames,CC BY 4.0,https://www.geonames.org/datasources/
Doyen Infosolutions,28.5480365,77.2533961,"HD Infosolutions, 89, Nehru Place, Kalkaji Tehsil, Delhi - 110019, DL, India",HD Infosolutions,89,Nehru Place,South East Delhi,Kalkaji Tehsil,110019,Delhi,South West Delhi,SW,Delhi,DL,India,in,0,© OpenStreetMap contributors,Open Database License,https://www.openstreetmap.org/copyright
DeepTek,,,,,,,,,,,,,,,,,,,,
StockEdge,,,,,,,,,,,,,,,,,,,,
Enquero,,,,,,,,,,,,,,,,,,,,
Kapture CRM,23.665992,86.119191,"CRM, Bokaro - 827016, JH, India",,,CRM,,,827016,Bokaro,Bokaro,BO,Jharkhand,JH,India,in,0,© OpenStreetMap contributors,Open Database License,https://www.openstreetmap.org/copyright
Foodhub,19.6786297,72.9081922,"FoodHub, Mumbai Delhi Highway, - 401403, MH, India",FoodHub,,Mumbai Delhi Highway,,,401403,,Palghar Subdistrict,TN,Maharashtra,MH,India,in,0,© OpenStreetMap contributors,Open Database License,https://www.openstreetmap.org/copyright
Vuram,,,,,,,,,,,,,,,,,,,,
TrueTech Solutions,12.98049,77.60469,"Mobipro Solutions, Bangalore, India",Mobipro Solutions,,,East Bangalore,Mobipro Solutions,,Bangalore,Bangalore,,Karnataka,KA,India,in,0,Who's On First,CC0,https://www.whosonfirst.org/docs/licenses/
AspireNXT,,,,,,,,,,,,,,,,,,,,
Kutir Corporation,26.8738969,75.778378,"Sudama Kutir Road, Gopalpura, Jaipur Municipal Corporation - 302005, RJ, India",Sudama Kutir Road,,Sudama Kutir Road,Surya Nagar,Gopalpura,302005,Jaipur Municipal Corporation,Sanganer Tehsil,,Rajasthan,RJ,India,in,0,© OpenStreetMap contributors,Open Database License,https://www.openstreetmap.org/copyright
Azilen Technologies,28.65003,77.23144,"PointerSoft Technologies Pvt Lmt, Jama Masjid, Delhi, South West Delhi, India",PointerSoft Technologies Pvt Lmt,,,,Jama Masjid,,Delhi,South West Delhi,SW,Delhi,DL,India,in,0,GeoNames,CC BY 4.0,https://www.geonames.org/datasources/
Contec Global,28.549457,77.251235,"Contec Systems, Hemkund Colony, Delhi - 110019, DL, India",Contec Systems,,,,Hemkund Colony,110019,Delhi,South West Delhi,SW,Delhi,DL,India,in,0,© OpenStreetMap contributors,Open Database License,https://www.openstreetmap.org/copyright
Kissflow,,,,,,,,,,,,,,,,,,,,
Expedite Technology Solutions,12.913535,80.219052,"Cognizant Technology Solutions, Elcot SEZ, Ward 197, Chennai - 600119, TN, India",Cognizant Technology Solutions,,Elcot SEZ,Sholinganallur,Ward 197,600119,Chennai,Chennai,CH,Tamil Nadu,TN,India,in,0,© OpenStreetMap contributors,Open Database License,https://www.openstreetmap.org/copyright
Sigma,17.4572602,78.3437975,"sigma lake, Masjid Banda, Hyderabad, Serilingampalle mandal, India",sigma lake,,,,Masjid Banda,,Hyderabad,Serilingampalle mandal,,Telangana,TG,India,in,0,© OpenStreetMap contributors,Open Database License,https://www.openstreetmap.org/copyright
Ubique Systems,22.304211,73.165385,"Omikron Systems, 205 & 206, SAKAR Complex, Old Padra Road, Vadodara - 390007, GJ, India",Omikron Systems,"205 & 206, SAKAR Complex",Old Padra Road,,,390007,Vadodara,Vadodara,,Gujarat,GJ,India,in,0,© OpenStreetMap contributors,Open Database License,https://www.openstreetmap.org/copyright
Ankercloud GmbH,,,,,,,,,,,,,,,,,,,,
TechnoIdentity,,,,,,,,,,,,,,,,,,,,
Transact Campus Inc,,,,,,,,,,,,,,,,,,,,
Optimum Solutions,12.98049,77.60469,"Mobipro Solutions, Bangalore, India",Mobipro Solutions,,,East Bangalore,Mobipro Solutions,,Bangalore,Bangalore,,Karnataka,KA,India,in,0,Who's On First,CC0,https://www.whosonfirst.org/docs/licenses/
Pragmasys Consulting,28.4935315,77.088317,"Boston Consulting Group, DLF Tower 10th Road, Sector 25A, Gurgaon - 122010, HR, India",Boston Consulting Group,,DLF Tower 10th Road,Gurgaon,Sector 25A,122010,Gurgaon,Gurugram,GG,Haryana,HR,India,in,0,© OpenStreetMap contributors,Open Database License,https://www.openstreetmap.org/copyright
IRIS Business Services,12.9706384,77.6072605,"Iris Business Hotel, Brigade Road, Ashokanagar, Bengaluru - 560025, KA, India",Iris Business Hotel,,Brigade Road,Bengaluru Central City Corporation,Ashokanagar,560025,Bengaluru,Bangalore North,BN,Karnataka,KA,India,in,0,© OpenStreetMap contributors,Open Database License,https://www.openstreetmap.org/copyright
Quarks,,,,,,,,,,,,,,,,,,,,
ATSG,,,,,,,,,,,,,,,,,,,,
Envoy Global,27.501023,82.794713,"Global, Barhani Bazar, Siddharth Nagar, India",Global,,,,,,Barhani Bazar,Siddharth Nagar,SN,Uttar Pradesh,UP,India,in,0,© OpenStreetMap contributors,Open Database License,https://www.openstreetmap.org/copyright
ZiMetrics Technologies,28.65003,77.23144,"PointerSoft Technologies Pvt Lmt, Jama Masjid, Delhi, South West Delhi, India",PointerSoft Technologies Pvt Lmt,,,,Jama Masjid,,Delhi,South West Delhi,SW,Delhi,DL,India,in,0,GeoNames,CC BY 4.0,https://www.geonames.org/datasources/
TrioTree Technologies,28.65003,77.23144,"PointerSoft Technologies Pvt Lmt, Jama Masjid, Delhi, South West Delhi, India",PointerSoft Technologies Pvt Lmt,,,,Jama Masjid,,Delhi,South West Delhi,SW,Delhi,DL,India,in,0,GeoNames,CC BY 4.0,https://www.geonames.org/datasources/
Mantra Softech,26.7225253,88.4280329,"Softech Water Treatment, Sevoke Road, Siliguri - 734001, WB, India",Softech Water Treatment,,Sevoke Road,,,734001,Siliguri,Matigara block,DA,West Bengal,WB,India,in,0,© OpenStreetMap contributors,Open Database License,https://www.openstreetmap.org/copyright
"Alvaria,",,,,,,,,,,,,,,,,,,,,
Saltside,,,,,,,,,,,,,,,,,,,,
Rizzle,,,,,,,,,,,,,,,,,,,,
Indus Valley Partners,30.598357,76.842307,"Indus Valley Club Entry, - 140201, PB, India",,,Indus Valley Club Entry,,,140201,,Rupnagar,,Punjab,PB,India,in,0,© OpenStreetMap contributors,Open Database License,https://www.openstreetmap.org/copyright
HackerEarth,12.9337951,77.6147339,"HackerEarth, #93, IIIrd Floor, Salarpuria Business Center, 4th B Cross Road, Kormangala West, Bengaluru - 560095, KA, India",HackerEarth,"#93,  IIIrd Floor, Salarpuria Business Center",4th B Cross Road,Bengaluru South City Corporation,Kormangala West,560095,Bengaluru,Bangalore South,,Karnataka,KA,India,in,0,© OpenStreetMap contributors,Open Database License,https://www.openstreetmap.org/copyright
Intone,,,,,,,,,,,,,,,,,,,,
Reliable Software,19.1453198,72.8463767,"Reliable Medical, Oshiwara Garden Road, K/W Ward, Mumbai - 400102, MH, India",Reliable Medical,,Oshiwara Garden Road,Mumbai Zone 3,K/W Ward,400102,Mumbai,Mumbai Suburban District,MU,Maharashtra,MH,India,in,0,© OpenStreetMap contributors,Open Database License,https://www.openstreetmap.org/copyright
Helpshift,,,,,,,,,,,,,,,,,,,,
CEDCOSS Technologies,28.65003,77.23144,"PointerSoft Technologies Pvt Lmt, Jama Masjid, Delhi, South West Delhi, India",PointerSoft Technologies Pvt Lmt,,,,Jama Masjid,,Delhi,South West Delhi,SW,Delhi,DL,India,in,0,GeoNames,CC BY 4.0,https://www.geonames.org/datasources/
Megasoft Solutions India,12.98049,77.60469,"Mobipro Solutions, Bangalore, India",Mobipro Solutions,,,East Bangalore,Mobipro Solutions,,Bangalore,Bangalore,,Karnataka,KA,India,in,0,Who's On First,CC0,https://www.whosonfirst.org/docs/licenses/
91social,,,,,,,,,,,,,,,,,,,,
RioMed,,,,,,,,,,,,,,,,,,,,
CodersBrain,,,,,,,,,,,,,,,,,,,,
VLink Inc,22.31028,73.16672,"Webmyne INC, Vadodara, India",Webmyne INC,,,,Webmyne INC,,Vadodara,Vadodara,,Gujarat,GJ,India,in,0,Who's On First,CC0,https://www.whosonfirst.org/docs/licenses/
Maantic Inc,22.31028,73.16672,"Webmyne INC, Vadodara, India",Webmyne INC,,,,Webmyne INC,,Vadodara,Vadodara,,Gujarat,GJ,India,in,0,Who's On First,CC0,https://www.whosonfirst.org/docs/licenses/
Placement Services,28.608691,77.039537,"Training and Placement Building, Matiyala, Delhi - 110078, DL, India",,,Training and Placement Building,,Matiyala,110078,Delhi,South West Delhi,SW,Delhi,DL,India,in,0,© OpenStreetMap contributors,Open Database License,https://www.openstreetmap.org/copyright
Nevaeh Technology,28.5330082,77.1037564,"Nevaeh The Heavenly Experience (Event Venue), Samalkha, New Delhi - 110037, DL, India",Nevaeh The Heavenly Experience (Event Venue),,Nevaeh The Heavenly Experience (Event Venue),,Samalkha,110037,New Delhi,South West Delhi,SW,Delhi,DL,India,in,0,© OpenStreetMap contributors,Open Database License,https://www.openstreetmap.org/copyright
SupraSoft,,,,,,,,,,,,,,,,,,,,
TruckX Inc,22.31028,73.16672,"Webmyne INC, Vadodara, India",Webmyne INC,,,,Webmyne INC,,Vadodara,Vadodara,,Gujarat,GJ,India,in,0,Who's On First,CC0,https://www.whosonfirst.org/docs/licenses/
Symbiosis Technologies,18.582812,73.738781,"Symbiosis, Hinjawadi - 411058, MH, India",,,Symbiosis,,,411058,Hinjawadi,Pune,PU,Maharashtra,MH,India,in,0,© OpenStreetMap contributors,Open Database License,https://www.openstreetmap.org/copyright
Sakhatech Information Systems,28.583597,77.185648,"Centre for Railway Information Systems, Moti Bagh North, Delhi - 110021, DL, India",,,Centre for Railway Information Systems,,Moti Bagh North,110021,Delhi,South West Delhi,SW,Delhi,DL,India,in,0,© OpenStreetMap contributors,Open Database License,https://www.openstreetmap.org/copyright
"Azuga,",,,,,,,,,,,,,,,,,,,,
Opt IT Technologies,,,,,,,,,,,,,,,,,,,,
Exly,,,,,,,,,,,,,,,,,,,,
NovelVox,28.4587468,77.3058687,"NovelVox, Mathura Road, Faridabad - 121001, HR, India",NovelVox,,Mathura Road,,,121001,Faridabad,Faridabad,FD,Haryana,HR,India,in,0,© OpenStreetMap contributors,Open Database License,https://www.openstreetmap.org/copyright
Nirvana Solutions,19.211787,72.873412,"Nirvana, Shop no. 21, 22, 23, Evershine Millennium Paradise 50, Poisar, Mumbai - 400101, MH, India",Nirvana,"Shop no. 21, 22, 23, Evershine Millennium Paradise 50",,Zone 4,Poisar,400101,Mumbai,Mumbai City,MU,Maharashtra,MH,India,in,0,© OpenStreetMap contributors,Open Database License,https://www.openstreetmap.org/copyright
Inteliment,,,,,,,,,,,,,,,,,,,,
Optym,,,,,,,,,,,,,,,,,,,,
Planful,,,,,,,,,,,,,,,,,,,,
Cadmaxx Solutions,12.98049,77.60469,"Mobipro Solutions, Bangalore, India",Mobipro Solutions,,,East Bangalore,Mobipro Solutions,,Bangalore,Bangalore,,Karnataka,KA,India,in,0,Who's On First,CC0,https://www.whosonfirst.org/docs/licenses/
Software Data,29.266385,75.995576,"Data, Hissar, India",,,,,,,Data,Hissar,,Haryana,HR,India,in,0,Who's On First,CC0,https://www.whosonfirst.org/docs/licenses/
MINDTREE,12.9183495,77.5020135,"Mindtree Phase 1, Global Village Road, Mylasandra, Bengaluru - 560098, KA, India",Mindtree Phase 1,,Global Village Road,Bengaluru West City Corporation,Mylasandra,560098,Bengaluru,Bangalore South,BN,Karnataka,KA,India,in,0,© OpenStreetMap contributors,Open Database License,https://www.openstreetmap.org/copyright
Magnasoft,,,,,,,,,,,,,,,,,,,,
Acuver Consulting,28.4935315,77.088317,"Boston Consulting Group, DLF Tower 10th Road, Sector 25A, Gurgaon - 122010, HR, India",Boston Consulting Group,,DLF Tower 10th Road,Gurgaon,Sector 25A,122010,Gurgaon,Gurugram,GG,Haryana,HR,India,in,0,© OpenStreetMap contributors,Open Database License,https://www.openstreetmap.org/copyright
Systematix Infotech,26.82399,75.54525,"Vatika Infotech City, Jaipur, India",,,,,,,Vatika Infotech City,Jaipur,,Rajasthan,RJ,India,in,0,Who's On First,CC0,https://www.whosonfirst.org/docs/licenses/
NathCorp,,,,,,,,,,,,,,,,,,,,
CUBE84,,,,,,,,,,,,,,,,,,,,
Embee Software,25.34526,72.6269381,"Software Technology, Shop No.17-19, NH325, Jalore - 343001, RJ, India",Software Technology,Shop No.17-19,NH325,,,343001,Jalore,Jalor Tehsil,JL,Rajasthan,RJ,India,in,0,© OpenStreetMap contributors,Open Database License,https://www.openstreetmap.org/copyright
FCI CCM,20.910773,85.167579,"Fci, Angul, India",,,,,,,Fci,Angul,,Odisha,OR,India,in,0,Who's On First,CC0,https://www.whosonfirst.org/docs/licenses/
Scienaptic AI,,,,,,,,,,,,,,,,,,,,
Infogen Labs,13.01012,77.644967,"Saartha Labs Private Labs, 12, 2nd floor, Banaswadi Main Road, Banasavadi, Bangalore - 560043, KA, India",Saartha Labs Private Labs,"12, 2nd floor",Banaswadi Main Road,East Bangalore,Banasavadi,560043,Bangalore,Bangalore,BN,Karnataka,KA,India,in,0,© OpenStreetMap contributors,Open Database License,https://www.openstreetmap.org/copyright
Infinity,13.071236,77.6517997,"Infinity, Blossoms Road, Byrathi, Bengaluru - 560077, KA, India",Infinity,,Blossoms Road,Bengaluru East City Corporation,Byrathi,560077,Bengaluru,Bangalore East,,Karnataka,KA,India,in,0,© OpenStreetMap contributors,Open Database License,https://www.openstreetmap.org/copyright
California Software,12.9816457,77.6968724,"California Burrito, 9th Street, Dodda Nekkundi, Bengaluru - 560048, KA, India",California Burrito,,9th Street,Bengaluru East City Corporation,Dodda Nekkundi,560048,Bengaluru,Bangalore East,BN,Karnataka,KA,India,in,0,© OpenStreetMap contributors,Open Database License,https://www.openstreetmap.org/copyright
Vibrent Health,10.402365,76.147462,"Health Center, Karamuck, Thrissur, India",Health Center,,,,Health Center,,Karamuck,Thrissur,,Kerala,KL,India,in,0,Who's On First,CC0,https://www.whosonfirst.org/docs/licenses/
Adapty,,,,,,,,,,,,,,,,,,,,
ValueFirst,,,,,,,,,,,,,,,,,,,,
Amnet Digital,19.0128029,72.8277261,"Reliance Digital, Appasaheb Marathe Marg, Prabhadevi, Mumbai - 400025, MH, India",Reliance Digital,,Appasaheb Marathe Marg,Mumbai Zone 2,Prabhadevi,400025,Mumbai,Mumbai City District,MU,Maharashtra,MH,India,in,0,© OpenStreetMap contributors,Open Database License,https://www.openstreetmap.org/copyright
Agile Financial Technologies,,,,,,,,,,,,,,,,,,,,
Rapid Innovation,28.6911163,77.2141101,"Cluster Innovation Centre, Gopi Chand Narang Marg, Civil Lines Tehsil, Delhi - 110007, DL, India",Cluster Innovation Centre,,Gopi Chand Narang Marg,Central Delhi,Civil Lines Tehsil,110007,Delhi,South West Delhi,SW,Delhi,DL,India,in,0,© OpenStreetMap contributors,Open Database License,https://www.openstreetmap.org/copyright
Consystent Infotech,26.82399,75.54525,"Vatika Infotech City, Jaipur, India",,,,,,,Vatika Infotech City,Jaipur,,Rajasthan,RJ,India,in,0,Who's On First,CC0,https://www.whosonfirst.org/docs/licenses/
Fintellix Solutions,12.98049,77.60469,"Mobipro Solutions, Bangalore, India",Mobipro Solutions,,,East Bangalore,Mobipro Solutions,,Bangalore,Bangalore,,Karnataka,KA,India,in,0,Who's On First,CC0,https://www.whosonfirst.org/docs/licenses/
ServiceMax,,,,,,,,,,,,,,,,,,,,
Birdeye,,,,,,,,,,,,,,,,,,,,
Kensium,,,,,,,,,,,,,,,,,,,,
Highstreet IT Solutions,18.594127,73.725408,"Grand highstreet, survey no. 234/1-4,6-7, 235/6-9, 245/1-3, Hinjawadi Phase 2 Road, Hinjawadi - 411057, MH, India",Grand highstreet,"survey no. 234/1-4,6-7, 235/6-9, 245/1-3",Hinjawadi Phase 2 Road,,,411057,Hinjawadi,Pune,PU,Maharashtra,MH,India,in,0,© OpenStreetMap contributors,Open Database License,https://www.openstreetmap.org/copyright
PlanSource,,,,,,,,,,,,,,,,,,,,
V2Soft,12.9189626,77.6009758,"V2Soft, 3rd Main Road, J.P Nagar, Bengaluru - 560029, KA, India",V2Soft,,3rd Main Road,Bengaluru South City Corporation,J.P Nagar,560029,Bengaluru,Bangalore South,BN,Karnataka,KA,India,in,0,© OpenStreetMap contributors,Open Database License,https://www.openstreetmap.org/copyright
"United Online,",25.862238,93.797087,"Naga United, Golaghat, India",Naga United,,,,Naga United,,,Golaghat,,Assam,AS,India,in,0,Who's On First,CC0,https://www.whosonfirst.org/docs/licenses/
Symphony Corporation,12.9698424,77.7681356,"Symphony, Hagaduru, Bengaluru - 560066, KA, India",Symphony,,,Bengaluru East City Corporation,Hagaduru,560066,Bengaluru,Bangalore East,,Karnataka,KA,India,in,0,© OpenStreetMap contributors,Open Database License,https://www.openstreetmap.org/copyright
Changepond Technologies,28.65003,77.23144,"PointerSoft Technologies Pvt Lmt, Jama Masjid, Delhi, South West Delhi, India",PointerSoft Technologies Pvt Lmt,,,,Jama Masjid,,Delhi,South West Delhi,SW,Delhi,DL,India,in,0,GeoNames,CC BY 4.0,https://www.geonames.org/datasources/
USEReady,,,,,,,,,,,,,,,,,,,,
La Net Team Software Solution.,11.89001,79.062954,"La-Gudalur, Villupuram, India",,,,,,,La-Gudalur,Villupuram,,Tamil Nadu,TN,India,in,0,Who's On First,CC0,https://www.whosonfirst.org/docs/licenses/
SuperOps.ai,,,,,,,,,,,,,,,,,,,,
WovV Technologies,28.65003,77.23144,"PointerSoft Technologies Pvt Lmt, Jama Masjid, Delhi, South West Delhi, India",PointerSoft Technologies Pvt Lmt,,,,Jama Masjid,,Delhi,South West Delhi,SW,Delhi,DL,India,in,0,GeoNames,CC BY 4.0,https://www.geonames.org/datasources/
Reputation.com,,,,,,,,,,,,,,,,,,,,
ToneTag,,,,,,,,,,,,,,,,,,,,
Calcium,17.5066316,78.3842419,"CALCIUM HOSPITAL, High Tension Line Road, Ward 123 Hydernagar, Hyderabad - 500072, TG, India",CALCIUM HOSPITAL,,High Tension Line Road,Brindavan Colony,Ward 123 Hydernagar,500072,Hyderabad,Kukatpally mandal,HY,Telangana,TG,India,in,0,© OpenStreetMap contributors,Open Database License,https://www.openstreetmap.org/copyright
Rahi,25.1329256,78.1075165,"Rahi, Pichhore Tahsil, India",,,,Rahi,,,Rahi,Pichhore Tahsil,,Madhya Pradesh,MP,India,in,0,© OpenStreetMap contributors,Open Database License,https://www.openstreetmap.org/copyright
BukuWarung,,,,,,,,,,,,,,,,,,,,
Contus,,,,,,,,,,,,,,,,,,,,
DWAO,,,,,,,,,,,,,,,,,,,,
Apollo,19.0663722,72.8328501,"Apollo, 466, 14th Road, Khar, Mumbai - 400050, MH, India",Apollo,466,14th Road,Mumbai Zone 3,Khar,400050,Mumbai,Mumbai Suburban District,,Maharashtra,MH,India,in,0,© OpenStreetMap contributors,Open Database License,https://www.openstreetmap.org/copyright
NAVA Software Solutions,20.739582,71.072952,"Nava Bandar, Junagadh, India",,,,,,,Nava Bandar,Junagadh,,Gujarat,GJ,India,in,0,Who's On First,CC0,https://www.whosonfirst.org/docs/licenses/
LeadIQ,,,,,,,,,,,,,,,,,,,,
Acqueon,,,,,,,,,,,,,,,,,,,,
SightSpectrum LLC,20.349079,85.807721,"AuroIN LLC, TCS Footpath, Bhubaneswar Municipal Corporation - 751024, OR, India",AuroIN LLC,,TCS Footpath,,,751024,Bhubaneswar Municipal Corporation,Cuttack,CU,Odisha,OR,India,in,0,© OpenStreetMap contributors,Open Database License,https://www.openstreetmap.org/copyright
Lera Technologies,24.81565,78.32561,"Lera Nāla, Lalitpur, India",Lera Nāla,,,,,,,Lalitpur,LA,Uttar Pradesh,UP,India,in,0,GeoNames,CC BY 4.0,https://www.geonames.org/datasources/
Sellcraft Global Solutions,12.9586068,77.564911,"Sidvin global solutions, 3rd Main Road, Chamarajapete, Bengaluru - 560018, KA, India",Sidvin global solutions,,3rd Main Road,Bengaluru Central City Corporation,Chamarajapete,560018,Bengaluru,Bangalore North,BN,Karnataka,KA,India,in,0,© OpenStreetMap contributors,Open Database License,https://www.openstreetmap.org/copyright
iMocha,,,,,,,,,,,,,,,,,,,,
Vouchagram India,28.193235,94.154038,"Arunachal Pradesh, India",Arunachal Pradesh,,,,,,,,,,,India,in,1,Who's On First,CC0,https://www.whosonfirst.org/docs/licenses/
WeblineIndia,,,,,,,,,,,,,,,,,,,,
CDP India,14.5183637,78.768005,"Kadapa Airport, NH716, Indira Satellite Township, Rajiv Gruha Kalpa Housing colony - 516162, AP, India",Kadapa Airport,,NH716,Indira Satellite Township,,516162,Rajiv Gruha Kalpa Housing colony,Vallur,,Andhra Pradesh,AP,India,in,0,© OpenStreetMap contributors,Open Database License,https://www.openstreetmap.org/copyright
BelWo Inc,22.31028,73.16672,"Webmyne INC, Vadodara, India",Webmyne INC,,,,Webmyne INC,,Vadodara,Vadodara,,Gujarat,GJ,India,in,0,Who's On First,CC0,https://www.whosonfirst.org/docs/licenses/
TechGenies,,,,,,,,,,,,,,,,,,,,
itelligence,,,,,,,,,,,,,,,,,,,,
DSRC,13.058204,80.2612168,"Dsrc, 11, Smith Road, Zone 9 Teynampet, Chennai - 600002, TN, India",Dsrc,11,Smith Road,Ward 111,Zone 9 Teynampet,600002,Chennai,Chennai,CH,Tamil Nadu,TN,India,in,0,© OpenStreetMap contributors,Open Database License,https://www.openstreetmap.org/copyright
TOPS Technologies,28.65003,77.23144,"PointerSoft Technologies Pvt Lmt, Jama Masjid, Delhi, South West Delhi, India",PointerSoft Technologies Pvt Lmt,,,,Jama Masjid,,Delhi,South West Delhi,SW,Delhi,DL,India,in,0,GeoNames,CC BY 4.0,https://www.geonames.org/datasources/
Webguruz Technologies,28.65003,77.23144,"PointerSoft Technologies Pvt Lmt, Jama Masjid, Delhi, South West Delhi, India",PointerSoft Technologies Pvt Lmt,,,,Jama Masjid,,Delhi,South West Delhi,SW,Delhi,DL,India,in,0,GeoNames,CC BY 4.0,https://www.geonames.org/datasources/
NeelBlue Technologies,28.65003,77.23144,"PointerSoft Technologies Pvt Lmt, Jama Masjid, Delhi, South West Delhi, India",PointerSoft Technologies Pvt Lmt,,,,Jama Masjid,,Delhi,South West Delhi,SW,Delhi,DL,India,in,0,GeoNames,CC BY 4.0,https://www.geonames.org/datasources/
Ally.io,,,,,,,,,,,,,,,,,,,,
i2 Technologies,12.3634413,76.5961002,"Infosys Technologies Limited, Mysuru - 570001, KA, India",Infosys Technologies Limited,,,,Infosys Technologies Limited,570001,Mysuru,Mysuru taluk,,Karnataka,KA,India,in,0,© OpenStreetMap contributors,Open Database License,https://www.openstreetmap.org/copyright
Resulticks,,,,,,,,,,,,,,,,,,,,
Codilar Technologies,12.9143533,77.6321989,"Codilar Technologies Pvt Ltd, 5th Main Road, HSR Layout, Bengaluru - 560102, KA, India",Codilar Technologies Pvt Ltd,,5th Main Road,Bengaluru South City Corporation,HSR Layout,560102,Bengaluru,Bangalore South,BN,Karnataka,KA,India,in,0,© OpenStreetMap contributors,Open Database License,https://www.openstreetmap.org/copyright
VT Netzwelt,15.315025,76.913317,"Singadeanahalli Vt Camp, Bellary, India",,,,,,,Singadeanahalli Vt Camp,Bellary,,Karnataka,KA,India,in,0,Who's On First,CC0,https://www.whosonfirst.org/docs/licenses/
Headout,,,,,,,,,,,,,,,,,,,,
Zen & Art,19.965388,73.773404,"WeGo Art Gallery and Art Exhibition, Shivpooja Apartment, 9, Chetna Nagar, Nashik - 422009, MH, India",WeGo Art Gallery and Art Exhibition,"Shivpooja Apartment, 9",Chetna Nagar,,,422009,Nashik,Nashik,NS,Maharashtra,MH,India,in,0,© OpenStreetMap contributors,Open Database License,https://www.openstreetmap.org/copyright
Mylo,,,,,,,,,,,,,,,,,,,,
Alumnus Software,25.34526,72.6269381,"Software Technology, Shop No.17-19, NH325, Jalore - 343001, RJ, India",Software Technology,Shop No.17-19,NH325,,,343001,Jalore,Jalor Tehsil,JL,Rajasthan,RJ,India,in,0,© OpenStreetMap contributors,Open Database License,https://www.openstreetmap.org/copyright
Bitla Software,18.099278,78.655282,"Bitla Prabhakar, Kasulabad - 502106, TG, India",,,Bitla Prabhakar,,,502106,Kasulabad,Medak,ME,Telangana,TG,India,in,0,© OpenStreetMap contributors,Open Database License,https://www.openstreetmap.org/copyright
UniFocus,,,,,,,,,,,,,,,,,,,,
Platform9 Systems,22.304211,73.165385,"Omikron Systems, 205 & 206, SAKAR Complex, Old Padra Road, Vadodara - 390007, GJ, India",Omikron Systems,"205 & 206, SAKAR Complex",Old Padra Road,,,390007,Vadodara,Vadodara,,Gujarat,GJ,India,in,0,© OpenStreetMap contributors,Open Database License,https://www.openstreetmap.org/copyright
Shivaami Cloud Services,22.6855829,75.8359715,"Hostzop Cloud Services Pvt Ltd, 102, Annapurna Road, Vaishali Nagar, Indore - 452009, MP, India",Hostzop Cloud Services Pvt Ltd,102,Annapurna Road,Indore City,Vaishali Nagar,452009,Indore,Juni Indore Tahsil,IN,Madhya Pradesh,MP,India,in,0,© OpenStreetMap contributors,Open Database License,https://www.openstreetmap.org/copyright
CodeCraft Technologies,28.65003,77.23144,"PointerSoft Technologies Pvt Lmt, Jama Masjid, Delhi, South West Delhi, India",PointerSoft Technologies Pvt Lmt,,,,Jama Masjid,,Delhi,South West Delhi,SW,Delhi,DL,India,in,0,GeoNames,CC BY 4.0,https://www.geonames.org/datasources/
Pacific Global,28.694917,77.153953,"Pacific Mall, Shalimar Bagh Paschimi, Delhi - 110035, DL, India",,,Pacific Mall,,Shalimar Bagh Paschimi,110035,Delhi,South West Delhi,SW,Delhi,DL,India,in,0,© OpenStreetMap contributors,Open Database License,https://www.openstreetmap.org/copyright
Helius Technologies,10.511779,76.258803,"Helius, Thrissur - 680751, KL, India",,,Helius,,,680751,Thrissur,Thrissur,TS,Kerala,KL,India,in,0,© OpenStreetMap contributors,Open Database License,https://www.openstreetmap.org/copyright
News Technology Services,12.972063,80.243268,"Ford Technology Services, Ward 184, Chennai - 600096, TN, India",,,Ford Technology Services,Perungudi,Ward 184,600096,Chennai,Chennai,CH,Tamil Nadu,TN,India,in,0,© OpenStreetMap contributors,Open Database License,https://www.openstreetmap.org/copyright
Jupitice Justice Technologies,,,,,,,,,,,,,,,,,,,,
TrusTrace,,,,,,,,,,,,,,,,,,,,
Techmango Technology Services,12.972063,80.243268,"Ford Technology Services, Ward 184, Chennai - 600096, TN, India",,,Ford Technology Services,Perungudi,Ward 184,600096,Chennai,Chennai,CH,Tamil Nadu,TN,India,in,0,© OpenStreetMap contributors,Open Database License,https://www.openstreetmap.org/copyright
Blubirch,,,,,,,,,,,,,,,,,,,,
Contentstack,,,,,,,,,,,,,,,,,,,,
Sandhata Technologies,28.65003,77.23144,"PointerSoft Technologies Pvt Lmt, Jama Masjid, Delhi, South West Delhi, India",PointerSoft Technologies Pvt Lmt,,,,Jama Masjid,,Delhi,South West Delhi,SW,Delhi,DL,India,in,0,GeoNames,CC BY 4.0,https://www.geonames.org/datasources/
Versa Networks,27.323556,82.342063,"Son Versa, Balrampur, India",,,,,,,Son Versa,Balrampur,,Uttar Pradesh,UP,India,in,0,Who's On First,CC0,https://www.whosonfirst.org/docs/licenses/
Luminescent Digital,19.0128029,72.8277261,"Reliance Digital, Appasaheb Marathe Marg, Prabhadevi, Mumbai - 400025, MH, India",Reliance Digital,,Appasaheb Marathe Marg,Mumbai Zone 2,Prabhadevi,400025,Mumbai,Mumbai City District,MU,Maharashtra,MH,India,in,0,© OpenStreetMap contributors,Open Database License,https://www.openstreetmap.org/copyright
bluepineapple,,,,,,,,,,,,,,,,,,,,