original_Company Name,lat,lon,formatted,name,housenumber,street,postcode,district,county_code,city,county,state,state_code,country,country_code,
NTT DATA,12.9364988,77.5772622,"NTT Data, 3rd Main Road, Yediyuru, Bengaluru - 560004, KA, India",NTT Data,,3rd Main Road,560004,Bengaluru West City Corporation,,Bengaluru,Bangalore North,Karnataka,KA,India,in,
Aditi Consulting,28.795405,77.036358,"Aditi Mahavidyalaya, Auchandi Road, Delhi - 110039, DL, India",Aditi Mahavidyalaya,,Auchandi Road,110039,,SW,Delhi,South West Delhi,Delhi,DL,India,in,
RateGain,,,,,,,,,,,,,,,, 
Envestnet,8.5231886,76.9546826,"Envestnet Inc., Pattom Kowdiar Road, Kowdiar, Thiruvananthapuram - 695001, KL, India",Envestnet Inc.,,Pattom Kowdiar Road,695001,,TV,Thiruvananthapuram,Thiruvananthapuram,Kerala,KL,India,in,
Sun Life,12.9732636,77.6170168,"Birla Sun Life Mutual Fund, Mahatma Gandhi Road, K Kamaraj Ward, Bengaluru - 560042, KA, India",Birla Sun Life Mutual Fund,,Mahatma Gandhi Road,560042,Bengaluru Central City Corporation,,Bengaluru,Bangalore North,Karnataka,KA,India,in,
Eka Software Solutions,12.9864281,77.5952553,"Planvisage Software Solutions, 35/1, 2nd Floor, Cunningham Hallmark, Cunningham Road, Vasanth Nagar, Bengaluru - 560001, KA, India",Planvisage Software Solutions,"35/1, 2nd Floor, Cunningham Hallmark",Cunningham Road,560001,Bengaluru Central City Corporation,BN,Bengaluru,Bangalore North,Karnataka,KA,India,in,
Gateway Group of Companies,24.5788881,73.683713,"Gateway, 51, City Palace Road, Udaipur - 313001, RJ, India",Gateway,51,City Palace Road,313001,,UP,Udaipur,Girwa Tehsil,Rajasthan,RJ,India,in,
GreyOrange,,,,,,,,,,,,,,,,
FiveS Digital,24.5321762,73.6868878,"FiveS Digital, Udaipur Bypass, Udaipur - 313001, RJ, India",FiveS Digital,,Udaipur Bypass,313001,,UP,Udaipur,Girwa Tehsil,Rajasthan,RJ,India,in,
Areteans,,,,,,,,,,,,,,,,
Nitor Infotech,18.539534,73.8289767,"Nitor Infotech, Senapati Bapat Marg, Model Colony, Pune - 411001, MH, India",Nitor Infotech,,Senapati Bapat Marg,411001,Ghole Road,PU,Pune,Pune City,Maharashtra,MH,India,in,
Altudo,,,,,,,,,,,,,,,,
mjunction services,30.111017,78.2825,"Services, Someshwar Nagar, Rishikesh - 249201, UT, India",,,Services,249201,,DD,Rishikesh,Dehradun,Uttarakhand,UT,India,in,
Uniphore,,,,,,,,,,,,,,,,
Netcore Cloud,12.956903,77.728948,"Cloud, Hagadur, Bangalore - 560066, KA, India",,,Cloud,560066,Mahadevapura,BN,Bangalore,Bangalore,Karnataka,KA,India,in,
Smart IMS,20.2834826,85.7696633,"IMS SUM Hospital, Khandagiri - Chandaka Road, Khandagiri, Bhubaneswar Municipal Corporation - 751003, OR, India",IMS SUM Hospital,,Khandagiri - Chandaka Road,751003,South West Zone,KH,Bhubaneswar Municipal Corporation,Bhubaneswar (M.Corp.),Odisha,OR,India,in,
Gupshup,12.9318223,77.6129861,"Gupshup, Doctor M H Marigowda Road, Chikka Adugodi, Bengaluru - 560029, KA, India",Gupshup,,Doctor M H Marigowda Road,560029,Bengaluru South City Corporation,BN,Bengaluru,Bangalore South,Karnataka,KA,India,in,
Aeries Technology Group,26.514284,80.230351,"Rural Technology Action Group, Kanpur - 208016, UP, India",,,Rural Technology Action Group,208016,,KN,Kanpur,Kanpur,Uttar Pradesh,UP,India,in,
Impelsys,12.9733797,77.6164391,"Impelsys India Pvt Ltd, Mahatma Gandhi Road, K Kamaraj Ward, Bengaluru - 560042, KA, India",Impelsys India Pvt Ltd,,Mahatma Gandhi Road,560042,Bengaluru Central City Corporation,BN,Bengaluru,Bangalore North,Karnataka,KA,India,in,
Tanla Platforms,20.551863,82.960224,"Tanla, Bolangir, India",,,,,,,Tanla,Bolangir,Odisha,OR,India,in,
V2Solutions,,,,,,,,,,,,,,,,
Tata Digital,21.599926,82.922558,"Tata, Raipur, India",,,,,,,Tata,Raipur,Chhattisgarh,CT,India,in,
CRMNEXT,,,,,,,,,,,,,,,,
"DynPro,",12.9744184,77.6144693,"DynPro India Pvt Ltd, Dickenson Road, K Kamaraj Ward, Bengaluru - 560042, KA, India",DynPro India Pvt Ltd,,Dickenson Road,560042,Bengaluru Central City Corporation,BN,Bengaluru,Bangalore North,Karnataka,KA,India,in,
Zenoti,,,,,,,,,,,,,,,,
Damco Solutions,12.98049,77.60469,"Mobipro Solutions, Bangalore, India",Mobipro Solutions,,,,East Bangalore,,Bangalore,Bangalore,Karnataka,KA,India,in,
WinWire Technologies,12.915981,77.651606,"Foradian Technologies, 2569/665, 27th Main Rd, 1st Sector, HSR Layout, HSR Layout, Bangalore - 560102, KA, India",Foradian Technologies,2569/665,"27th Main Rd, 1st Sector, HSR Layout",560102,Bommanahalli ,BN,Bangalore,Bangalore,Karnataka,KA,India,in,
Mindtickle,,,,,,,,,,,,,,,,
Aujas Cybersecurity,18.5639224,73.7744021,"Kapstone Cybersecurity Private Limited – an iC Consult Company, 110, Gopal Hari Deshmukh Marg, Baner, Pune - 411045, MH, India",Kapstone Cybersecurity Private Limited – an iC Consult Company,110,Gopal Hari Deshmukh Marg,411045,Balewadi Phata,PU,Pune,Pune City,Maharashtra,MH,India,in,
CRMIT Solutions,12.98049,77.60469,"Mobipro Solutions, Bangalore, India",Mobipro Solutions,,,,East Bangalore,,Bangalore,Bangalore,Karnataka,KA,India,in,
Orange Business Services,10.532049,76.2623842,"GramPro Business Services Private Limited, Mannuthy Urakkam Road, Thrissur - 680655, KL, India",GramPro Business Services Private Limited,,Mannuthy Urakkam Road,680655,,TS,Thrissur,Thrissur,Kerala,KL,India,in,
Rite Software,10.0274658,76.3110466,"Rite Cure Health Services, Edappally Pukkattupady Road, Thrikkakkara, Kalamassery - 682033, KL, India",Rite Cure Health Services,,Edappally Pukkattupady Road,682033,Marottichodu,ER,Kalamassery,Kanayannur,Kerala,KL,India,in,
Elsner Technologies,28.65003,77.23144,"PointerSoft Technologies Pvt Lmt, Jama Masjid, Delhi, South West Delhi, India",PointerSoft Technologies Pvt Lmt,,,,,SW,Delhi,South West Delhi,Delhi,DL,India,in,
VFI SLK,13.106941,77.577065,"SLK Software, Yelahanka Satellite Town, Bangalore - 560064, KA, India",SLK Software,,,560064,Yelahanka,BN,Bangalore,Bangalore,Karnataka,KA,India,in,
Infrasoft Technologies,28.65003,77.23144,"PointerSoft Technologies Pvt Lmt, Jama Masjid, Delhi, South West Delhi, India",PointerSoft Technologies Pvt Lmt,,,,,SW,Delhi,South West Delhi,Delhi,DL,India,in,
LocoNav,,,,,,,,,,,,,,,,
Dassault Systems,12.9299714,77.5740941,"Dassault Systems, MM Industries Road, Yediyuru, Bengaluru - 560070, KA, India",Dassault Systems,,MM Industries Road,560070,Bengaluru West City Corporation,BN,Bengaluru,Bangalore South,Karnataka,KA,India,in,
Data Glove,29.266385,75.995576,"Data, Hissar, India",,,,,,,Data,Hissar,Haryana,HR,India,in,
Incture,,,,,,,,,,,,,,,,
Fulcrum Digital Inc,,,,,,,,,,,,,,,,
MTX Group,16.417351,81.779701,"Madhya Group, East Godavari, India",,,,,,,Madhya Group,East Godavari,Andhra Pradesh,AP,India,in,
Urban Ladder,19.06307,72.8352389,"Urban Ladder, 250A, Linking Road, Khar, Mumbai - 400050, MH, India",Urban Ladder,250A,Linking Road,400050,Mumbai Zone 3,,Mumbai,Mumbai Suburban District,Maharashtra,MH,India,in,
SunTec Business Solutions,11.0108897,76.4860777,"Motorex Business Solutions, Mannarkkad-Aanakkati Road, Mannarkkad - 678582, KL, India",Motorex Business Solutions,,Mannarkkad-Aanakkati Road,678582,,PL,Mannarkkad,Mannarkad,Kerala,KL,India,in,
PureSoftware,28.6231687,77.3671322,"PureSoftware, Oshy Marg, Sector 62, Noida - 201301, UP, India",PureSoftware,,Oshy Marg,201301,,GB,Noida,Dadri,Uttar Pradesh,UP,India,in,
BetterPlace,12.9729053,77.6154772,"BetterPlace, Mahatma Gandhi Road, Ashokanagar, Bengaluru - 560025, KA, India",BetterPlace,,Mahatma Gandhi Road,560025,Bengaluru Central City Corporation,BN,Bengaluru,Bangalore North,Karnataka,KA,India,in,
SugarBox Networks,12.9256413,77.6863239,"Applogic Networks, 1A, RMZ Ecoworld Internal Road, Shivanasamudra Ward, Bengaluru - 560103, KA, India",Applogic Networks,1A,RMZ Ecoworld Internal Road,560103,Bengaluru East City Corporation,BN,Bengaluru,Bangalore East,Karnataka,KA,India,in,
Polygon,13.0328374,80.2443589,"Prestige Polygon, Zone 9 Teynampet, Chennai - 600035, TN, India",Prestige Polygon,,,600035,Ward 122,,Chennai,Chennai,Tamil Nadu,TN,India,in,
Interra Information Technologies,31.5333033,75.9157511,"VaaSS Information Technologies Private Limited, 1-2, arya nagar, Mall Road, Aslamabad, Hoshiarpur - 146001, PB, India",VaaSS Information Technologies Private Limited,"1-2, arya nagar",Mall Road,146001,,HO,Hoshiarpur,Hoshiarpur Tahsil,Punjab,PB,India,in,
Ducen,12.9679914,80.2481244,"Ducen IT, # 4/363, Block-B, III Floor, Old Mahabalipuram Road, Zone 14 Perungudi, Chennai - 600096, TN, India",Ducen IT,"# 4/363, Block-B, III Floor",Old Mahabalipuram Road,600096,CMWSSB Division 183,,Chennai,Sholinganallur,Tamil Nadu,TN,India,in,
C,,,,,,,,,,,,,,,,
Trell,,,,,,,,,,,,,,,,
Newt Global Consulting,,,,,,,,,,,,,,,,
Imperative Business Ventures,,,,,,,,,,,,,,,,
SA Technologies,26.1686901,91.7820487,"Zoxola Technologies Pvt. Ltd., H.No. 58, Ambika giri nagar, Ambikagiri Nagar, Guwahati - 781024, AS, India",Zoxola Technologies Pvt. Ltd.,H.No. 58,Ambika giri nagar,781024,,,Guwahati,Dispur,Assam,AS,India,in,
Zaggle Prepaid Ocean Services,17.4454126,78.3851531,"Zaggle Prepaid Ocean Services Pvt Ltd., plot no 8, sector 1, Cyber Towers - Madhapur Main Road, Madhapur, Hyderabad - 500081, TG, India",Zaggle Prepaid Ocean Services Pvt Ltd.,"plot no 8, sector 1,",Cyber Towers - Madhapur Main Road,500081,Vittal Rao Nagar,,Hyderabad,Serilingampalle mandal,Telangana,TG,India,in,
Apolis,28.5050113,77.084844,"Apolis, Shankar Chowk Road, Sector 19, Gurgaon - 122016, HR, India",Apolis,,Shankar Chowk Road,122016,Gurgaon,GG,Gurgaon,Gurugram,Haryana,HR,India,in,
MResult,12.9733697,77.6136918,"Mresult Services Pvt Ltd, Mahatma Gandhi Road, Ashokanagar, Bengaluru - 560025, KA, India",Mresult Services Pvt Ltd,,Mahatma Gandhi Road,560025,Bengaluru Central City Corporation,BN,Bengaluru,Bangalore North,Karnataka,KA,India,in,
NASSCOM,28.5169013,77.0806235,"NASSCOM Startup Warehouse, Sector 20, Gurgaon - 122999, HR, India",NASSCOM Startup Warehouse,,,122999,Gurgaon,,Gurgaon,,Haryana,HR,India,in,
Tata CLiQ,21.599926,82.922558,"Tata, Raipur, India",,,,,,,Tata,Raipur,Chhattisgarh,CT,India,in,
Near,9.7096968,76.6768536,"ICICI Bank, Near Head Post Office, Ettumanoor - Erattupetta - Poonjar Road, Kottaramattom, Pala - 686575, KL, India",ICICI Bank,Near Head Post Office,Ettumanoor - Erattupetta - Poonjar Road,686575,,,Pala,Meenachil,Kerala,KL,India,in,
Observe.AI,,,,,,,,,,,,,,,,
AQM Technologies,28.65003,77.23144,"PointerSoft Technologies Pvt Lmt, Jama Masjid, Delhi, South West Delhi, India",PointerSoft Technologies Pvt Lmt,,,,,SW,Delhi,South West Delhi,Delhi,DL,India,in,
Blazeclan Technologies,28.65003,77.23144,"PointerSoft Technologies Pvt Lmt, Jama Masjid, Delhi, South West Delhi, India",PointerSoft Technologies Pvt Lmt,,,,,SW,Delhi,South West Delhi,Delhi,DL,India,in,
Soroco,,,,,,,,,,,,,,,,
SE2,,,,,,,,,,,,,,,,
Ideas2IT Technologies,28.65003,77.23144,"PointerSoft Technologies Pvt Lmt, Jama Masjid, Delhi, South West Delhi, India",PointerSoft Technologies Pvt Lmt,,,,,SW,Delhi,South West Delhi,Delhi,DL,India,in,
Clarion Technologies,10.0029735,76.3622717,"Clarion Hotel Khayal, InfoPark Express Way, Edachira, Ernakulam - 682042, KL, India",Clarion Hotel Khayal,,InfoPark Express Way,682042,,ER,Ernakulam,Kanayannur,Kerala,KL,India,in,
Harbinger Group,18.5103615,73.794547,"Harbinger Group, Lane 3, Kothrud Karveroad, Pune - 411038, MH, India",Harbinger Group,,Lane 3,411038,Kothrud Karveroad,PU,Pune,Pune City,Maharashtra,MH,India,in,
CloudMoyo,,,,,,,,,,,,,,,,
Savantis Solutions LLC,,,,,,,,,,,,,,,,
Panzer Technologies,28.65003,77.23144,"PointerSoft Technologies Pvt Lmt, Jama Masjid, Delhi, South West Delhi, India",PointerSoft Technologies Pvt Lmt,,,,,SW,Delhi,South West Delhi,Delhi,DL,India,in,
MyGlamm,,,,,,,,,,,,,,,,
Precision Technologies,21.0725117,79.0756202,"Precision E-Technologies Private Limited, NH47, Nagpur - 440025, MH, India",Precision E-Technologies Private Limited,,NH47,440025,,NG,Nagpur,Nagpur Urban Taluka,Maharashtra,MH,India,in,
ATMECS Inc,22.31028,73.16672,"Webmyne INC, Vadodara, India",Webmyne INC,,,,,,Vadodara,Vadodara,Gujarat,GJ,India,in,
PRIMUS Global Technologies,19.075199,72.849884,"Primus Residences, Kolekalyan, Mumbai - 400150, MH, India",,,Primus Residences,400150,Zone 3,MU,Mumbai,Mumbai City,Maharashtra,MH,India,in,
Intello Labs,13.01012,77.644967,"Saartha Labs Private Labs, 12, 2nd floor, Banaswadi Main Road, Banasavadi, Bangalore - 560043, KA, India",Saartha Labs Private Labs,"12, 2nd floor",Banaswadi Main Road,560043,East Bangalore,BN,Bangalore,Bangalore,Karnataka,KA,India,in,
Fluentgrid,17.8039777,83.3949999,"Fluentgrid global, SH144, Rushikonda, Vammivanipalem - 530045, AP, India",Fluentgrid global,,SH144,530045,,VS,Vammivanipalem,Visakhapatnam (Rural),Andhra Pradesh,AP,India,in,
Cynet Systems Inc,9.9581835,76.6229763,"Futore.NXT Systems LLP Inc., Main Eastern Highway, Kizhakkekara, Vazhakulam - 686670, KL, India",Futore.NXT Systems LLP Inc.,,Main Eastern Highway,686670,,ER,Vazhakulam,Muvattupuzha,Kerala,KL,India,in,
Softpath System,28.626069,77.303731,"Shrimate Surveillance System, D 306, D 306 PNB Building, west vinod nagar, Indraprastha Extension, Delhi - 110092, DL, India",Shrimate Surveillance System,D 306,"D 306 PNB Building, west vinod nagar",110092,,SW,Delhi,South West Delhi,Delhi,DL,India,in,
Solverminds Solutions & Technologies,13.0468945,77.618867,"Nokia Solutions and Networks, Flyover, Kempapura, Bengaluru - 560024, KA, India",Nokia Solutions and Networks,,Flyover,560024,Bengaluru North City Corporation,BN,Bengaluru,Bangalore North,Karnataka,KA,India,in,
63 moons Technologies,,,,,,,,,,,,,,,,
CodeForce 360,12.9029941,77.6866906,"360, 13th Cross Road, Doddakannalli, Bengaluru - 560035, KA, India",360,360,13th Cross Road,560035,Bengaluru South City Corporation,BN,Bengaluru,Bangalore East,Karnataka,KA,India,in,
Reflections Info Systems,15.74745,76.188771,"PN Info Systems Kushtagi, 5, Bus Stand Road, Kushtagi - 583277, KA, India",PN Info Systems Kushtagi,5,Bus Stand Road,583277,,KP,Kushtagi,Koppal,Karnataka,KA,India,in,
SourceFuse Technologies,28.65003,77.23144,"PointerSoft Technologies Pvt Lmt, Jama Masjid, Delhi, South West Delhi, India",PointerSoft Technologies Pvt Lmt,,,,,SW,Delhi,South West Delhi,Delhi,DL,India,in,
iB Hubs,21.816317,83.9490012,"Ib, Bilaspur - Kharagpur Highway, Jamuapali - 768216, OR, India",Ib,,Bilaspur - Kharagpur Highway,768216,,JH,Jamuapali,Orient,Odisha,OR,India,in,
Pyxis One,19.0023567,72.8264064,"World One, Shankar Rao Naram Path (Gowalia Chawl Lane), Lower Parel, Mumbai - 400013, MH, India",World One,,Shankar Rao Naram Path (Gowalia Chawl Lane),400013,Mumbai Zone 2,MU,Mumbai,Mumbai City District,Maharashtra,MH,India,in,
SCIKEY,,,,,,,,,,,,,,,,
SVAM International,28.409119,77.062388,"DPS International, Sector 50, Gurugram - 122001, HR, India",DPS International,,Sector 50,122001,,GG,Gurugram,Gurugram,Haryana,HR,India,in,
Cheers Interactive,17.445777,78.378546,"Interactive Science park, Serilingampally, Hyderabad - 501506, AP, India",,,Interactive Science park,501506,West Zone,HY,Hyderabad,Hyderabad,Andhra Pradesh,AP,India,in,
Zendrive,,,,,,,,,,,,,,,,
COGENT Infotech,26.82399,75.54525,"Vatika Infotech City, Jaipur, India",,,,,,,Vatika Infotech City,Jaipur,Rajasthan,RJ,India,in,
IT BY DESIGN,30.317735,76.398245,"MK, Change it, Patiala - 147008, PB, India",,,"MK, Change it",147008,,PT,Patiala,Patiala,Punjab,PB,India,in,
MyGate,12.912187,77.6362368,"MyGate, 12, 17th Cross Road, HSR Layout, Bengaluru - 560102, KA, India",MyGate,12,17th Cross Road,560102,Bengaluru South City Corporation,,Bengaluru,Bangalore South,Karnataka,KA,India,in,
Increff,,,,,,,,,,,,,,,,
Pharmarack,,,,,,,,,,,,,,,,
Hubilo,,,,,,,,,,,,,,,,
ThoughtSpot,,,,,,,,,,,,,,,,
Solugenix,,,,,,,,,,,,,,,,
Visible Alpha,28.8021803,76.9348115,"Water visible in the pond, Sohati - 124505, HR, India",Water visible in the pond,,Water visible in the pond,124505,,JH,Sohati,Kharkhoda,Haryana,HR,India,in,
Replicon,12.9333242,77.6835824,"replicon, Sakra Hospital Road, Bellanduru, Bengaluru - 560103, KA, India",replicon,,Sakra Hospital Road,560103,Bengaluru East City Corporation,BN,Bengaluru,Bangalore East,Karnataka,KA,India,in,
Vaave,,,,,,,,,,,,,,,,
Pramati Technologies,17.4233406,78.4493438,"Pramati Technologies Pvt. Ltd., Road Number 1, Panjagutta, Hyderabad - 500034, TG, India",Pramati Technologies Pvt. Ltd.,,Road Number 1,500034,Greater Hyderabad Municipal Corporation Central Zone,HY,Hyderabad,Khairatabad mandal,Telangana,TG,India,in,
WorkIndia,,,,,,,,,,,,,,,,
BPO Convergence,28.60569,77.362387,"BPO Road, Noida - 201014, UP, India",,,BPO Road,201014,,GB,Noida,Gautam Buddha Nagar,Uttar Pradesh,UP,India,in,
A,,,,,,,,,,,,,,,,
Condeco,,,,,,,,,,,,,,,,
NIIT Technologies,12.9151861,77.6242633,"NIIT Technologies, Silkboard Double Decker Flyover, HSR Layout, Bengaluru - 560102, KA, India",NIIT Technologies,,Silkboard Double Decker Flyover,560102,Bengaluru South City Corporation,BN,Bengaluru,Bangalore South,Karnataka,KA,India,in,
SmarTek21,,,,,,,,,,,,,,,,
Vymo,,,,,,,,,,,,,,,,
Absolutdata Analytics,12.98366,80.246441,"LatentView Analytics, Ward 180, Chennai - 600113, TN, India",LatentView Analytics,,,600113,Adyar,CH,Chennai,Chennai,Tamil Nadu,TN,India,in,
Mindfire Solutions,12.98049,77.60469,"Mobipro Solutions, Bangalore, India",Mobipro Solutions,,,,East Bangalore,,Bangalore,Bangalore,Karnataka,KA,India,in,
Loco,25.2906991,82.9591148,"Banaras Loco Works - DLW Varanasi, Bhullanpur, Varanasi - 221004, UP, India",Banaras Loco Works - DLW Varanasi,,,221004,,,Varanasi,Varanasi,Uttar Pradesh,UP,India,in,
WEBSKITTERS TECHNOLOGY SOLUTIONS,12.913535,80.219052,"Cognizant Technology Solutions, Elcot SEZ, Ward 197, Chennai - 600119, TN, India",Cognizant Technology Solutions,,Elcot SEZ,600119,Sholinganallur,CH,Chennai,Chennai,Tamil Nadu,TN,India,in,
Artoon Solutions,12.98049,77.60469,"Mobipro Solutions, Bangalore, India",Mobipro Solutions,,,,East Bangalore,,Bangalore,Bangalore,Karnataka,KA,India,in,
Shipsy,12.9115431,77.6517042,"Shipsy, 481, 27th Main Road, HSR Layout, Bengaluru - 560102, KA, India",Shipsy,481,27th Main Road,560102,Bengaluru South City Corporation,BN,Bengaluru,Bangalore South,Karnataka,KA,India,in,
Amelia,24.1333209,82.4306232,"Amelia North Coal Mine, Deosar Tahsil, India",Amelia North Coal Mine,,,,,,,Deosar Tahsil,Madhya Pradesh,MP,India,in,
Orcapod,,,,,,,,,,,,,,,,
Unilog,12.9060474,77.5884328,"Unilog, 20th Main Road, Shakambarinagara, Bengaluru - 560078, KA, India",Unilog,,20th Main Road,560078,Bengaluru South City Corporation,BN,Bengaluru,Bangalore South,Karnataka,KA,India,in,
Mindgate Solutions,12.98049,77.60469,"Mobipro Solutions, Bangalore, India",Mobipro Solutions,,,,East Bangalore,,Bangalore,Bangalore,Karnataka,KA,India,in,
Simplify Healthcare,28.7278,77.152809,"Max Healthcare, Yakutpur, Delhi - 110088, DL, India",,,Max Healthcare,110088,,SW,Delhi,South West Delhi,Delhi,DL,India,in,
Innefu Labs,13.01012,77.644967,"Saartha Labs Private Labs, 12, 2nd floor, Banaswadi Main Road, Banasavadi, Bangalore - 560043, KA, India",Saartha Labs Private Labs,"12, 2nd floor",Banaswadi Main Road,560043,East Bangalore,BN,Bangalore,Bangalore,Karnataka,KA,India,in,
Sedin Technologies,13.0370386,80.2166357,"Sedin Technologies Dev Center, 40, Kamatchi Puram 2nd Street, Zone 10 Kodambakkam, Chennai - 600033, TN, India",Sedin Technologies Dev Center,40,Kamatchi Puram 2nd Street,600033,CMWSSB Division 133,CH,Chennai,Chennai,Tamil Nadu,TN,India,in,
Brane Enterprises,,,,,,,,,,,,,,,,
AppsTek,,,,,,,,,,,,,,,,
Edifecs,,,,,,,,,,,,,,,,
Diabsolut Inc,22.31028,73.16672,"Webmyne INC, Vadodara, India",Webmyne INC,,,,,,Vadodara,Vadodara,Gujarat,GJ,India,in,
VerSe Innovation,28.6911163,77.2141101,"Cluster Innovation Centre, Gopi Chand Narang Marg, Civil Lines Tehsil, Delhi - 110007, DL, India",Cluster Innovation Centre,,Gopi Chand Narang Marg,110007,Central Delhi,SW,Delhi,South West Delhi,Delhi,DL,India,in,
Total IT Global,12.958648,77.6567863,"Total, 97, HAL Old Airport Road, Konena Agrahara, Bengaluru - 560017, KA, India",Total,97,HAL Old Airport Road,560017,Bengaluru Central City Corporation,BN,Bengaluru,Bangalore East,Karnataka,KA,India,in,
Claritus Management Consulting,12.9336845,77.6185593,"Pylon Management Consulting Pvt, 2nd Main Road, A Adugodi, Bengaluru - 560095, KA, India",Pylon Management Consulting Pvt,,2nd Main Road,560095,Bengaluru South City Corporation,BN,Bengaluru,Bangalore South,Karnataka,KA,India,in,
Axeno,,,,,,,,,,,,,,,,
Writer Information,14.10716,79.88341,"Writer Chhatram, Ryter Satram, Nellore, India",Writer Chhatram,,,,,NE,Ryter Satram,Nellore,Andhra Pradesh,AP,India,in,
Netwoven,,,,,,,,,,,,,,,,
HAL,12.9514658,77.6706175,"HAL Airport, HAL Old Airport Road, Vibhootipura, Bengaluru - 560017, KA, India",HAL Airport,,HAL Old Airport Road,560017,Bengaluru East City Corporation,,Bengaluru,Bangalore East,Karnataka,KA,India,in,
NEC Software Solutions,12.9864281,77.5952553,"Planvisage Software Solutions, 35/1, 2nd Floor, Cunningham Hallmark, Cunningham Road, Vasanth Nagar, Bengaluru - 560001, KA, India",Planvisage Software Solutions,"35/1, 2nd Floor, Cunningham Hallmark",Cunningham Road,560001,Bengaluru Central City Corporation,BN,Bengaluru,Bangalore North,Karnataka,KA,India,in,
Moolya,19.165029,72.8509874,"Dr. Monappa Moolya, Station Road, Goregaon East, Mumbai - 400063, MH, India",Dr. Monappa Moolya,,Station Road,400063,Mumbai Zone 4,MU,Mumbai,Mumbai Suburban District,Maharashtra,MH,India,in,
ColorTokens,,,,,,,,,,,,,,,,
Introlligent,,,,,,,,,,,,,,,,
Ample Technologies,13.0282919,77.5958844,"Ample Technologies, 10th Cross Road, R.T Nagar, Bengaluru - 560032, KA, India",Ample Technologies,,10th Cross Road,560032,Bengaluru North City Corporation,BN,Bengaluru,Bangalore North,Karnataka,KA,India,in,
ETG Digital,19.0128029,72.8277261,"Reliance Digital, Appasaheb Marathe Marg, Prabhadevi, Mumbai - 400025, MH, India",Reliance Digital,,Appasaheb Marathe Marg,400025,Mumbai Zone 2,MU,Mumbai,Mumbai City District,Maharashtra,MH,India,in,
Atidiv,,,,,,,,,,,,,,,,
thinkbridge,,,,,,,,,,,,,,,,
Axioned,,,,,,,,,,,,,,,,
Esri India,28.5381584,77.2885562,"Esri R&D Centre New Delhi, Sarita Vihar Okhla Underpass, Jasola, Delhi - 110025, DL, India",Esri R&D Centre New Delhi,,Sarita Vihar Okhla Underpass,110025,South East Delhi,SW,Delhi,South West Delhi,Delhi,DL,India,in,
AppViewX,,,,,,,,,,,,,,,,
Dixit Infotech Services,12.9246286,80.1087409,"Raysoft Infotech Private Limited, 18/19, Kalyan Nagar 2nd Street, Irumbuliyur, Chennai - 600045, TN, India",Raysoft Infotech Private Limited,18/19,Kalyan Nagar 2nd Street,600045,,KC,Chennai,Tambaram,Tamil Nadu,TN,India,in,
Genzeon,,,,,,,,,,,,,,,,
Appiness Interactive,17.445777,78.378546,"Interactive Science park, Serilingampally, Hyderabad - 501506, AP, India",,,Interactive Science park,501506,West Zone,HY,Hyderabad,Hyderabad,Andhra Pradesh,AP,India,in,
Akal Information Systems,28.583597,77.185648,"Centre for Railway Information Systems, Moti Bagh North, Delhi - 110021, DL, India",,,Centre for Railway Information Systems,110021,,SW,Delhi,South West Delhi,Delhi,DL,India,in,
Data Intensity,29.266385,75.995576,"Data, Hissar, India",,,,,,,Data,Hissar,Haryana,HR,India,in,
iValue InfoSolutions,28.5480365,77.2533961,"HD Infosolutions, 89, Nehru Place, Kalkaji Tehsil, Delhi - 110019, DL, India",HD Infosolutions,89,Nehru Place,110019,South East Delhi,SW,Delhi,South West Delhi,Delhi,DL,India,in,
Ivy Mobility,15.5880876,73.7418666,"Ivy Anjuna, Anjuna - Vagator Main Road, Anjuna, Anjuna - 403509, GA, India",Ivy Anjuna,,Anjuna - Vagator Main Road,403509,Dehul Vaddo,NG,Anjuna,Bardez,Goa,GA,India,in,
Cloud Analogy,12.956903,77.728948,"Cloud, Hagadur, Bangalore - 560066, KA, India",,,Cloud,560066,Mahadevapura,BN,Bangalore,Bangalore,Karnataka,KA,India,in,
Gemini Consulting & Services,17.451692,78.38549,"Proventures Education and Consulting Services, Plot No.16, 4th Floor, Triveni Towers Silicon Valley, 100 Feet Road ,Madhapur, Hafeezpet, Hyderabad - 500081, AP, India",Proventures Education and Consulting Services,"Plot No.16, 4th Floor, Triveni Towers Silicon Valley","100 Feet Road ,Madhapur",500081,West Zone,HY,Hyderabad,Hyderabad,Andhra Pradesh,AP,India,in,
The Scalers,20.795814,73.675588,"The Dangs, India",The Dangs,,,,,,,The Dangs,Gujarat,GJ,India,in,
Diamondpick,,,,,,,,,,,,,,,,
Cashapona Technologies,28.65003,77.23144,"PointerSoft Technologies Pvt Lmt, Jama Masjid, Delhi, South West Delhi, India",PointerSoft Technologies Pvt Lmt,,,,,SW,Delhi,South West Delhi,Delhi,DL,India,in,
Hitachi Solutions Asia Pacific,,,,,,,,,,,,,,,,
MoEngage,,,,,,,,,,,,,,,,
MPS Interactive Systems,,,,,,,,,,,,,,,,
Accops Systems,22.304211,73.165385,"Omikron Systems, 205 & 206, SAKAR Complex, Old Padra Road, Vadodara - 390007, GJ, India",Omikron Systems,"205 & 206, SAKAR Complex",Old Padra Road,390007,,,Vadodara,Vadodara,Gujarat,GJ,India,in,
Workforce Logiq,28.5050927,77.411036,"Eqo Logiq, Noida - 201305, UP, India",Eqo Logiq,,,201305,,GB,Noida,Gautam Buddha Nagar,Uttar Pradesh,UP,India,in,
Iron Systems,28.5247493,77.1849651,"Iron Pillar, Kalka Das Marg, Mehrauli, Delhi - 110030, DL, India",Iron Pillar,,Kalka Das Marg,110030,South Delhi,SW,Delhi,South West Delhi,Delhi,DL,India,in,
OnDemand Agility Solutions,,,,,,,,,,,,,,,,
Accubits Technologies,28.65003,77.23144,"PointerSoft Technologies Pvt Lmt, Jama Masjid, Delhi, South West Delhi, India",PointerSoft Technologies Pvt Lmt,,,,,SW,Delhi,South West Delhi,Delhi,DL,India,in,
JSoft Solutions,12.9743659,77.6146309,"Jsoft Solutions Ltd, Dickenson Road, K Kamaraj Ward, Bengaluru - 560042, KA, India",Jsoft Solutions Ltd,,Dickenson Road,560042,Bengaluru Central City Corporation,BN,Bengaluru,Bangalore North,Karnataka,KA,India,in,
EOX Vantage,,,,,,,,,,,,,,,,
Infotech Global,26.82399,75.54525,"Vatika Infotech City, Jaipur, India",,,,,,,Vatika Infotech City,Jaipur,Rajasthan,RJ,India,in,
Excelra,,,,,,,,,,,,,,,,
TRUGlobal,,,,,,,,,,,,,,,,
Codingmart Technologies,28.65003,77.23144,"PointerSoft Technologies Pvt Lmt, Jama Masjid, Delhi, South West Delhi, India",PointerSoft Technologies Pvt Lmt,,,,,SW,Delhi,South West Delhi,Delhi,DL,India,in,
CleverTap,,,,,,,,,,,,,,,,
MetaMorphoSys Technologies,28.65003,77.23144,"PointerSoft Technologies Pvt Lmt, Jama Masjid, Delhi, South West Delhi, India",PointerSoft Technologies Pvt Lmt,,,,,SW,Delhi,South West Delhi,Delhi,DL,India,in,
Valethi Technologies,28.65003,77.23144,"PointerSoft Technologies Pvt Lmt, Jama Masjid, Delhi, South West Delhi, India",PointerSoft Technologies Pvt Lmt,,,,,SW,Delhi,South West Delhi,Delhi,DL,India,in,
Mawai Infotech,26.740271,81.586818,"Mawai, Ayodhya, India",,,,,,,Mawai,Ayodhya,Uttar Pradesh,UP,India,in,
METRO SERVICES,9.9661241,76.2859843,"Metro Services, Mahatma Gandhi Road, Ernakulam South, Ernakulam - 682016, KL, India",Metro Services,,Mahatma Gandhi Road,682016,Pallimukku,ER,Ernakulam,Kanayannur,Kerala,KL,India,in,
WRENCH Solutions,12.98049,77.60469,"Mobipro Solutions, Bangalore, India",Mobipro Solutions,,,,East Bangalore,,Bangalore,Bangalore,Karnataka,KA,India,in,
Freshersworld.com,,,,,,,,,,,,,,,,
Mirafra Technologies,28.65003,77.23144,"PointerSoft Technologies Pvt Lmt, Jama Masjid, Delhi, South West Delhi, India",PointerSoft Technologies Pvt Lmt,,,,,SW,Delhi,South West Delhi,Delhi,DL,India,in,
Keka HR,29.143027,76.342784,"Haryana, India",Haryana,,,,,,,,Haryana,HR,India,in,
Zuci Systems,22.304211,73.165385,"Omikron Systems, 205 & 206, SAKAR Complex, Old Padra Road, Vadodara - 390007, GJ, India",Omikron Systems,"205 & 206, SAKAR Complex",Old Padra Road,390007,,,Vadodara,Vadodara,Gujarat,GJ,India,in,
CloudSEK,,,,,,,,,,,,,,,,
Barry,18.9613916,72.8097044,"Barry Villa, Krishna Sangh Marg, Gamdevi, Mumbai - 400036, MH, India",Barry Villa,,Krishna Sangh Marg,400036,Mumbai Zone 1,MU,Mumbai,Mumbai City District,Maharashtra,MH,India,in,
CommerceIQ,,,,,,,,,,,,,,,,
Object Technology Solutions India,12.913535,80.219052,"Cognizant Technology Solutions, Elcot SEZ, Ward 197, Chennai - 600119, TN, India",Cognizant Technology Solutions,,Elcot SEZ,600119,Sholinganallur,CH,Chennai,Chennai,Tamil Nadu,TN,India,in,
Blue Flame Labs,15.5765587,73.7614742,"Blue Flame, Aguada - Siolim Road, Anjuna, Arpora - 403518, GA, India",Blue Flame,,Aguada - Siolim Road,403518,Gaum Vaddi,NG,Arpora,Bardez,Goa,GA,India,in,
cloudThing,,,,,,,,,,,,,,,,
Operative,9.9689455,76.2985589,"Indira Gandhi Co-Operative Hospital, Kadavanthra, Kochi - 682025, KL, India",Indira Gandhi Co-Operative Hospital,,,682025,Gandhi Nagar,,Kochi,Kanayannur,Kerala,KL,India,in,
Hiver,,,,,,,,,,,,,,,,
Valiance Solutions,12.98049,77.60469,"Mobipro Solutions, Bangalore, India",Mobipro Solutions,,,,East Bangalore,,Bangalore,Bangalore,Karnataka,KA,India,in,
Appitsimple Infotek,,,,,,,,,,,,,,,,
TOMIA,22.9469,83.88409,"Tomia, Jashpur, India",,,,,,,Tomia,Jashpur,Chhattisgarh,CT,India,in,
ManekTech,,,,,,,,,,,,,,,,
Feuji Inc,22.31028,73.16672,"Webmyne INC, Vadodara, India",Webmyne INC,,,,,,Vadodara,Vadodara,Gujarat,GJ,India,in,
TestingXperts,,,,,,,,,,,,,,,,
Polaris,19.1102044,72.8802577,"Polaris, Makwana Rd, Saki Naka, Mumbai - 400072, MH, India",Polaris,,Makwana Rd,400072,Mumbai Zone 3,MU,Mumbai,Mumbai Suburban District,Maharashtra,MH,India,in,
Junglee Games,26.753965,88.550384,"Junglee Mohal, Jalpaiguri, India",,,,,,,Junglee Mohal,Jalpaiguri,West Bengal,WB,India,in,
Newfold Digital,19.0128029,72.8277261,"Reliance Digital, Appasaheb Marathe Marg, Prabhadevi, Mumbai - 400025, MH, India",Reliance Digital,,Appasaheb Marathe Marg,400025,Mumbai Zone 2,MU,Mumbai,Mumbai City District,Maharashtra,MH,India,in,
Suyati Technologies,28.65003,77.23144,"PointerSoft Technologies Pvt Lmt, Jama Masjid, Delhi, South West Delhi, India",PointerSoft Technologies Pvt Lmt,,,,,SW,Delhi,South West Delhi,Delhi,DL,India,in,
Innovsource,19.1083433,72.925098,"Innovsource Services Private Limited, Unit No 401, Om Sadan, Mehra Industrial Estate, behind Jaswanti Landmark, Lal Bahadur Shastri Marg, Pirojsha Godrej Nagar, Mumbai - 400079, MH, India",Innovsource Services Private Limited,"Unit No 401, Om Sadan, Mehra Industrial Estate, behind Jaswanti Landmark",Lal Bahadur Shastri Marg,400079,Mumbai Zone 6,MU,Mumbai,Mumbai Suburban District,Maharashtra,MH,India,in,
Progility Technologies,28.65003,77.23144,"PointerSoft Technologies Pvt Lmt, Jama Masjid, Delhi, South West Delhi, India",PointerSoft Technologies Pvt Lmt,,,,,SW,Delhi,South West Delhi,Delhi,DL,India,in,
Manthan,18.6742785,73.8845159,"Manthan, Dehu - Alandi Road, Pimpri-Chinchwad - 412105, MH, India",Manthan,,Dehu - Alandi Road,412105,,PU,Pimpri-Chinchwad,Haveli,Maharashtra,MH,India,in,
bluCognition,,,,,,,,,,,,,,,,
QualiZeal,,,,,,,,,,,,,,,,
Goodera,,,,,,,,,,,,,,,,
Feat Systems,22.304211,73.165385,"Omikron Systems, 205 & 206, SAKAR Complex, Old Padra Road, Vadodara - 390007, GJ, India",Omikron Systems,"205 & 206, SAKAR Complex",Old Padra Road,390007,,,Vadodara,Vadodara,Gujarat,GJ,India,in,
Amantya Technologies,28.65003,77.23144,"PointerSoft Technologies Pvt Lmt, Jama Masjid, Delhi, South West Delhi, India",PointerSoft Technologies Pvt Lmt,,,,,SW,Delhi,South West Delhi,Delhi,DL,India,in,
Sigmoid,,,,,,,,,,,,,,,,
Netradyne,12.982924,77.7512245,"Netradyne, Queenhills PG Road, S.M Krishna Ward, Bengaluru - 560066, KA, India",Netradyne,,Queenhills PG Road,560066,Bengaluru East City Corporation,BN,Bengaluru,Bangalore East,Karnataka,KA,India,in,
phData,,,,,,,,,,,,,,,,
CropIn Technology,25.34526,72.6269381,"Software Technology, Shop No.17-19, NH325, Jalore - 343001, RJ, India",Software Technology,Shop No.17-19,NH325,343001,,JL,Jalore,Jalor Tehsil,Rajasthan,RJ,India,in,
Anthelio Healthcare Solutions,17.4437278,78.3738392,"Gebbs Healthcare Solutions, HITEC City–Madhapur Road, Ward 104 Kondapur, Hyderabad - 500081, TG, India",Gebbs Healthcare Solutions,,HITEC City–Madhapur Road,500081,West Zone,HY,Hyderabad,Serilingampalle mandal,Telangana,TG,India,in,
KiwiTech,,,,,,,,,,,,,,,,
Talentica Software,25.34526,72.6269381,"Software Technology, Shop No.17-19, NH325, Jalore - 343001, RJ, India",Software Technology,Shop No.17-19,NH325,343001,,JL,Jalore,Jalor Tehsil,Rajasthan,RJ,India,in,
Volante Technologies,28.65003,77.23144,"PointerSoft Technologies Pvt Lmt, Jama Masjid, Delhi, South West Delhi, India",PointerSoft Technologies Pvt Lmt,,,,,SW,Delhi,South West Delhi,Delhi,DL,India,in,
QUADRIFIC MEDIA,,,,,,,,,,,,,,,,
"TechnoGen,",,,,,,,,,,,,,,,,
Crayon Data,11.1859508,76.234392,"Crayon, Valanchery - Nilambur Road, Wandoor - 679328, KL, India",Crayon,,Valanchery - Nilambur Road,679328,,MA,Wandoor,Nilambur,Kerala,KL,India,in,
Lipi Data Systems,22.13184,80.96703,"Lipī Dādar, Balaghat, India",Lipī Dādar,,,,,BL,,Balaghat,Madhya Pradesh,MP,India,in,
Leading IT,21.185505,72.812877,"Leading to post office, Surat - 395014, GJ, India",,,Leading to post office,395014,,SR,Surat,Surat,Gujarat,GJ,India,in,
Trantor,,,,,,,,,,,,,,,,
Seanergy Digital,19.0128029,72.8277261,"Reliance Digital, Appasaheb Marathe Marg, Prabhadevi, Mumbai - 400025, MH, India",Reliance Digital,,Appasaheb Marathe Marg,400025,Mumbai Zone 2,MU,Mumbai,Mumbai City District,Maharashtra,MH,India,in,
Fission Labs,17.4348859,78.4033828,"Fission Labs, Jubilee Hills Road No 36, Jubilee Hills, Hyderabad - 500033, TG, India",Fission Labs,,Jubilee Hills Road No 36,500033,Greater Hyderabad Municipal Corporation Central Zone,HY,Hyderabad,Shaikpet mandal,Telangana,TG,India,in,
IndiaNIC Infotech,26.82399,75.54525,"Vatika Infotech City, Jaipur, India",,,,,,,Vatika Infotech City,Jaipur,Rajasthan,RJ,India,in,
Innovapptive Inc,22.31028,73.16672,"Webmyne INC, Vadodara, India",Webmyne INC,,,,,,Vadodara,Vadodara,Gujarat,GJ,India,in,
O2F INFO SOLUTIONS,22.5541975,72.9478591,"Ananya Info Solutions, SF-229, NARAYAN EMPIRE, ANAND VIDYA NAGAR ROAD, Anand - 388001, GJ, India",Ananya Info Solutions,"SF-229, NARAYAN EMPIRE",ANAND VIDYA NAGAR ROAD,388001,,AN,Anand,Anand City Taluka,Gujarat,GJ,India,in,
SMARTe,,,,,,,,,,,,,,,,
SID Global Solutions,27.50809,79.14247,"Sid, Etah, India",,,,,,,Sid,Etah,Uttar Pradesh,UP,India,in,
InfraCloud Technologies,28.65003,77.23144,"PointerSoft Technologies Pvt Lmt, Jama Masjid, Delhi, South West Delhi, India",PointerSoft Technologies Pvt Lmt,,,,,SW,Delhi,South West Delhi,Delhi,DL,India,in,
Safe Security,17.3511807,78.4803061,"Safe Haven, Darul Shifa Road, Ward 33 Moghalpura, Hyderabad - 500065, TG, India",Safe Haven,,Darul Shifa Road,500065,Greater Hyderabad Municipal Corporation South Zone,HY,Hyderabad,Charminar mandal,Telangana,TG,India,in,
Monster India,28.193235,94.154038,"Arunachal Pradesh, India",Arunachal Pradesh,,,,,,,,,,India,in,
CIGNEX Datamatics,11.94138,79.807237,"Lumina DataMatics, Vazhudavoor Road, Oulgaret - 605009, PY, India",Lumina DataMatics,,Vazhudavoor Road,605009,,VL,Oulgaret,Pondicherry,Puducherry,PY,India,in,
Enterprise Minds,16.4887566,80.6718069,"Losra Enterprises, Yanamakuduru Road, Patamata, Vijayawada - 520001, AP, India",Losra Enterprises,,Yanamakuduru Road,520001,Ayyappa Nagar,KR,Vijayawada,Vijayawada (Urban),Andhra Pradesh,AP,India,in,
Avesta Computer Services,20.2679663,86.6609867,"Paradip Online Computer Services, Unit-1, Vijaya Market, Paradip Port Expressway, Paradip - 754142, OR, India",Paradip Online Computer Services,"Unit-1, Vijaya Market",Paradip Port Expressway,754142,,JS,Paradip,Paradip,Odisha,OR,India,in,
NielsenIQ,,,,,,,,,,,,,,,,
Payoda Technology,25.34526,72.6269381,"Software Technology, Shop No.17-19, NH325, Jalore - 343001, RJ, India",Software Technology,Shop No.17-19,NH325,343001,,JL,Jalore,Jalor Tehsil,Rajasthan,RJ,India,in,
CriticalRiver,,,,,,,,,,,,,,,,
ABM Knowledgeware,23.2633705,77.3938848,"ABM Muntispeciality Hospital, Taj-ul-Masajid Road, Ibrahimpura, Bhopal - 462001, MP, India",ABM Muntispeciality Hospital,,Taj-ul-Masajid Road,462001,Bhopal,BP,Bhopal,Huzur Tahsil,Madhya Pradesh,MP,India,in,
Techila Global Services,12.980156,77.602371,"VFS Global Services, Unit No. 305, Level 3, Second Floor, Prestige Atrium, No.1 Central Street, Shivaji Nagar, Central Street, Sampangiram Nagar, Bangalore - 560001, KA, India",VFS Global Services,"Unit No. 305, Level 3, Second Floor, Prestige Atrium, No.1 Central Street, Shivaji Nagar",Central Street,560001,East Bangalore,BN,Bangalore,Bangalore,Karnataka,KA,India,in,
Diverse Lynx,,,,,,,,,,,,,,,,
Muvi.com,,,,,,,,,,,,,,,,
Valenta,,,,,,,,,,,,,,,,
"MaxVal Group,",16.417351,81.779701,"Madhya Group, East Godavari, India",,,,,,,Madhya Group,East Godavari,Andhra Pradesh,AP,India,in,
Insemi Technology Services,12.972063,80.243268,"Ford Technology Services, Ward 184, Chennai - 600096, TN, India",,,Ford Technology Services,600096,Perungudi,CH,Chennai,Chennai,Tamil Nadu,TN,India,in,
Wunderman Thompson Commerce,,,,,,,,,,,,,,,,
Cyware,,,,,,,,,,,,,,,,
Decimal Technologies,28.65003,77.23144,"PointerSoft Technologies Pvt Lmt, Jama Masjid, Delhi, South West Delhi, India",PointerSoft Technologies Pvt Lmt,,,,,SW,Delhi,South West Delhi,Delhi,DL,India,in,
FloBiz,,,,,,,,,,,,,,,,
Avataar.Me,,,,,,,,,,,,,,,,
"Antra,",24.6396717,81.6459764,"Antra, Raipur-Karchuliyan Tahsil, India",,,,,Antra,,Antra,Raipur-Karchuliyan Tahsil,Madhya Pradesh,MP,India,in,
NxtGen Infinite Datacenter,,,,,,,,,,,,,,,,
Algonomy,12.9752727,77.5995395,"Algonomy, 40/4, Lavelle Road, Ashokanagar, Bengaluru - 560001, KA, India",Algonomy,40/4,Lavelle Road,560001,Bengaluru Central City Corporation,,Bengaluru,Bangalore North,Karnataka,KA,India,in,
Taazaa Inc,22.31028,73.16672,"Webmyne INC, Vadodara, India",Webmyne INC,,,,,,Vadodara,Vadodara,Gujarat,GJ,India,in,
Mergen IT LLC,,,,,,,,,,,,,,,,
Optimize IT Systems,,,,,,,,,,,,,,,,
Profinch,,,,,,,,,,,,,,,,
Niveus Solutions,12.98049,77.60469,"Mobipro Solutions, Bangalore, India",Mobipro Solutions,,,,East Bangalore,,Bangalore,Bangalore,Karnataka,KA,India,in,
TekLink International,28.409119,77.062388,"DPS International, Sector 50, Gurugram - 122001, HR, India",DPS International,,Sector 50,122001,,GG,Gurugram,Gurugram,Haryana,HR,India,in,
Prowess Software Services,12.9258227,77.6866283,"GrayMatter Software Services Pvt. Ltd., 20, RMZ Eco World Road, Shivanasamudra Ward, Bengaluru - 560103, KA, India",GrayMatter Software Services Pvt. Ltd.,20,RMZ Eco World Road,560103,Bengaluru East City Corporation,BN,Bengaluru,Bangalore East,Karnataka,KA,India,in,
Hevo Data,29.266385,75.995576,"Data, Hissar, India",,,,,,,Data,Hissar,Haryana,HR,India,in,
Tavisca,,,,,,,,,,,,,,,,
ST Telemedia Global Data Centres,,,,,,,,,,,,,,,,
EbixCash Financial Technologies,18.5259541,73.7715989,"Ebixcash Technologies Pvt Ltd, Bavdhan Budruk, Pune - 411001, MH, India",Ebixcash Technologies Pvt Ltd,,Ebixcash Technologies Pvt Ltd,411001,,PU,Pune,Pune City,Maharashtra,MH,India,in,
"Core Solutions,",12.94995,77.747218,"Core 3, Varthuru, Bangalore - 560087, KA, India",,,Core 3,560087,Mahadevapura,BN,Bangalore,Bangalore,Karnataka,KA,India,in,
Impiger Technologies,10.9997692,76.9859178,"Impiger Technologies, Kamarjar Road, Red Fields, Coimbatore - 641045, TN, India",Impiger Technologies,,Kamarjar Road,641045,Central Zone,CM,Coimbatore,Coimbatore North,Tamil Nadu,TN,India,in,
Games24x7,,,,,,,,,,,,,,,,
ValGenesis,,,,,,,,,,,,,,,,
Quadrant Resource,10.728296,79.020021,"Knowledge Resource Centre, Thirumalaisamuthiram - 613401, TN, India",,,Knowledge Resource Centre,613401,,TJ,Thirumalaisamuthiram,Thanjavur,Tamil Nadu,TN,India,in,
BUDDI AI,21.9175417,79.3848601,"Buddi, Kurai Tahsil, India",,,,,Buddi,,Buddi,Kurai Tahsil,Madhya Pradesh,MP,India,in,
Nexval Group,16.417351,81.779701,"Madhya Group, East Godavari, India",,,,,,,Madhya Group,East Godavari,Andhra Pradesh,AP,India,in,
InfraBeat Technologies,28.65003,77.23144,"PointerSoft Technologies Pvt Lmt, Jama Masjid, Delhi, South West Delhi, India",PointerSoft Technologies Pvt Lmt,,,,,SW,Delhi,South West Delhi,Delhi,DL,India,in,
Litmus7,10.011894,76.3664951,"Litmus7, 208, Kakkanad-InfoPark-Karimugal Road, Edachira, Ernakulam - 682042, KL, India",Litmus7,208,Kakkanad-InfoPark-Karimugal Road,682042,,ER,Ernakulam,Kanayannur,Kerala,KL,India,in,
Celcom Solutions Global,12.9586068,77.564911,"Sidvin global solutions, 3rd Main Road, Chamarajapete, Bengaluru - 560018, KA, India",Sidvin global solutions,,3rd Main Road,560018,Bengaluru Central City Corporation,BN,Bengaluru,Bangalore North,Karnataka,KA,India,in,
Netsmartz,,,,,,,,,,,,,,,,
ProV International,28.409119,77.062388,"DPS International, Sector 50, Gurugram - 122001, HR, India",DPS International,,Sector 50,122001,,GG,Gurugram,Gurugram,Haryana,HR,India,in,
InfoStride,,,,,,,,,,,,,,,,
Select Source International,12.973525,77.608123,"Select Bookshop, Shantala Nagar, Bangalore - 560025, KA, India",Select Bookshop,,,560025,East Bangalore,BN,Bangalore,Bangalore,Karnataka,KA,India,in,
ReshaMandi,,,,,,,,,,,,,,,,
Kumaran Systems,12.8191471,80.2172957,"Kumaran Systems, Sixth Cross Road, Siruseri, Pudupakkam - 603103, TN, India",Kumaran Systems,,Sixth Cross Road,603103,,KC,Pudupakkam,Tiruporur,Tamil Nadu,TN,India,in,
Y Media Labs,13.0139108,77.570273,"Science Media Center, CV Raman Road, Sadashivanagar, Bengaluru - 560012, KA, India",Science Media Center,,CV Raman Road,560012,Bengaluru West City Corporation,BN,Bengaluru,Bangalore North,Karnataka,KA,India,in,
NR Consulting,28.6200898,77.0363489,"WSNE Consulting, Nawada, Delhi, West Delhi, India",WSNE Consulting,,,,West Delhi,,Delhi,,,,India,in,
MediaAgility,,,,,,,,,,,,,,,,
Ecolab Digital Center,8.4323135,77.0178429,"Smart Digital Customer Service Centre, Vedivachan Koil to Vellayani, Mukaloormoola, Thiruvananthapuram - 695001, KL, India",Smart Digital Customer Service Centre,,"Vedivachan Koil to Vellayani, Mukaloormoola",695001,,TV,Thiruvananthapuram,Thiruvananthapuram,Kerala,KL,India,in,
_G10X,,,,,,,,,,,,,,,,
VRIZE,,,,,,,,,,,,,,,,
Perennial Systems,22.304211,73.165385,"Omikron Systems, 205 & 206, SAKAR Complex, Old Padra Road, Vadodara - 390007, GJ, India",Omikron Systems,"205 & 206, SAKAR Complex",Old Padra Road,390007,,,Vadodara,Vadodara,Gujarat,GJ,India,in,
Estuate,,,,,,,,,,,,,,,,
Colruyt India,17.4436265,78.381557,"Colruyt IT Consultancy India Pvt. Ltd., Raheja, Madhapur, Hyderabad - 500081, TG, India",Colruyt IT Consultancy India Pvt. Ltd.,,Raheja,500081,Vittal Rao Nagar,HY,Hyderabad,Serilingampalle mandal,Telangana,TG,India,in,
Windmill,10.5829554,77.2113149,"Windmill, Mukkonam - 642126, TN, India",Windmill,,Windmill,642126,,TP,Mukkonam,Udumalaipettai,Tamil Nadu,TN,India,in,
QBrainX Inc,22.31028,73.16672,"Webmyne INC, Vadodara, India",Webmyne INC,,,,,,Vadodara,Vadodara,Gujarat,GJ,India,in,
Recro,,,,,,,,,,,,,,,,
Antier Solutions,12.98049,77.60469,"Mobipro Solutions, Bangalore, India",Mobipro Solutions,,,,East Bangalore,,Bangalore,Bangalore,Karnataka,KA,India,in,
Beyond Key,9.985328,76.441208,"Varghese KY, - 682310, KL, India",,,Varghese KY,682310,,ER,,Ernakulam,Kerala,KL,India,in,
Wunderman Thompson MSC,,,,,,,,,,,,,,,,
Hanu Software,22.032864,87.861743,"Hanu Bhunya, Purba Medinipur, India",,,,,,,Hanu Bhunya,Purba Medinipur,West Bengal,WB,India,in,
Claim Genius,12.978067,77.63345,"Genius, Hoysala Nagar, Bangalore - 560038, KA, India",Genius,,,560038,East Bangalore,BN,Bangalore,Bangalore,Karnataka,KA,India,in,
Secure,12.926269,77.5829829,"Vision Karnataka Secure Solutions, 33rd Cross Road, Byrasandra, Bengaluru - 560011, KA, India",Vision Karnataka Secure Solutions,,33rd Cross Road,560011,Bengaluru South City Corporation,,Bengaluru,Bangalore South,Karnataka,KA,India,in,
Dimagi,23.244307,69.679561,"Mental Hospital, Atmaram Marg, Bhuj - 370001, GJ, India",Mental Hospital,,Atmaram Marg,370001,,,Bhuj,Bhuj Taluka,Gujarat,GJ,India,in,
Stanley David and Associates,10.554635,76.072127,"A And B Associates Jn, Thrissur, India",,,,,,,A And B Associates Jn,Thrissur,Kerala,KL,India,in,
Great Place IT Services,,,,,,,,,,,,,,,,
Utthunga,12.9364905,77.5774153,"Utthunga - Product Engineering Services & Industrial Solutions Company, South End Road, Yediyuru, Bengaluru - 560004, KA, India",Utthunga - Product Engineering Services & Industrial Solutions Company,,South End Road,560004,Bengaluru West City Corporation,BN,Bengaluru,Bangalore North,Karnataka,KA,India,in,
Grassroots,,,,,,,,,,,,,,,,
SecureKloud Technologies,28.65003,77.23144,"PointerSoft Technologies Pvt Lmt, Jama Masjid, Delhi, South West Delhi, India",PointerSoft Technologies Pvt Lmt,,,,,SW,Delhi,South West Delhi,Delhi,DL,India,in,
ADK Rage,20.1221743,85.090451,"Nayagarh mountain rage, Nayagarh - 752069, OR, India",Nayagarh mountain rage,,,752069,,NY,Nayagarh,Nayagarh,Odisha,OR,India,in,
Auzmor,,,,,,,,,,,,,,,,
Capsitech,,,,,,,,,,,,,,,,
Innive Inc,22.31028,73.16672,"Webmyne INC, Vadodara, India",Webmyne INC,,,,,,Vadodara,Vadodara,Gujarat,GJ,India,in,
DSM SOFT,29.022531,73.339842,"3 DSM, Ganganagar, India",,,,,,,3 DSM,Ganganagar,Rajasthan,RJ,India,in,
Customer Centria,28.524556,77.206282,"Customer Contact Centre, Saket, Delhi - 110017, DL, India",,,Customer Contact Centre,110017,,SW,Delhi,South West Delhi,Delhi,DL,India,in,
Enhance IT,9.3891236,76.5769632,"Enhance Restaurant, Thiruvalla - Mallappally Road, Muthoor, Thiruvalla - 689111, KL, India",Enhance Restaurant,,Thiruvalla - Mallappally Road,689111,,PT,Thiruvalla,Thiruvalla,Kerala,KL,India,in,
TEKsystems Global Services in India,12.980156,77.602371,"VFS Global Services, Unit No. 305, Level 3, Second Floor, Prestige Atrium, No.1 Central Street, Shivaji Nagar, Central Street, Sampangiram Nagar, Bangalore - 560001, KA, India",VFS Global Services,"Unit No. 305, Level 3, Second Floor, Prestige Atrium, No.1 Central Street, Shivaji Nagar",Central Street,560001,East Bangalore,BN,Bangalore,Bangalore,Karnataka,KA,India,in,
Delphix,,,,,,,,,,,,,,,,
CoreStack,,,,,,,,,,,,,,,,
Flytxt,,,,,,,,,,,,,,,,
Fourth Dimension Solutions,19.0086914,73.0303614,"Fourth Dimension Realty - Shelton Sapphire, Amra Marg, Belapur West, Navi Mumbai - 400706, MH, India",Fourth Dimension Realty - Shelton Sapphire,,Amra Marg,400706,Belapur Village,TN,Navi Mumbai,Thane Subdistrict,Maharashtra,MH,India,in,
Novopay,,,,,,,,,,,,,,,,
Sentieo,,,,,,,,,,,,,,,,
Capricot Technologies,28.65003,77.23144,"PointerSoft Technologies Pvt Lmt, Jama Masjid, Delhi, South West Delhi, India",PointerSoft Technologies Pvt Lmt,,,,,SW,Delhi,South West Delhi,Delhi,DL,India,in,
ShoreWise Consulting,28.4935315,77.088317,"Boston Consulting Group, DLF Tower 10th Road, Sector 25A, Gurgaon - 122010, HR, India",Boston Consulting Group,,DLF Tower 10th Road,122010,Gurgaon,GG,Gurgaon,Gurugram,Haryana,HR,India,in,
Cleo,11.3027703,75.8104269,"Cleo, Paroppady-Kannadikkal Road, Kozhikode - 673012, KL, India",Cleo,,Paroppady-Kannadikkal Road,673012,,KZ,Kozhikode,Kozhikode,Kerala,KL,India,in,
Appventurez,,,,,,,,,,,,,,,,
KnackForge,,,,,,,,,,,,,,,,
MangoApps,,,,,,,,,,,,,,,,
HPL,22.8316205,88.1191461,"Haripal, SH2, Haripal - 712405, WB, India",Haripal,,SH2,712405,,,Haripal,Haripal,West Bengal,WB,India,in,
Net Business Solutions,25.584925,75.570737,"Net, Bundi, India",,,,,,,Net,Bundi,Rajasthan,RJ,India,in,
CompuMatrice,,,,,,,,,,,,,,,,
Zenwork,,,,,,,,,,,,,,,,
Transact Global,27.501023,82.794713,"Global, Barhani Bazar, Siddharth Nagar, India",Global,,,,,SN,Barhani Bazar,Siddharth Nagar,Uttar Pradesh,UP,India,in,
FIME,,,,,,,,,,,,,,,,
Grasko Solutions,12.98049,77.60469,"Mobipro Solutions, Bangalore, India",Mobipro Solutions,,,,East Bangalore,,Bangalore,Bangalore,Karnataka,KA,India,in,
Arcadia,18.9246454,72.8207068,"Arcadia, Colaba, Mumbai City District, India",Arcadia,,,,Mumbai Zone 1,,,Mumbai City District,Maharashtra,MH,India,in,
Deskera,,,,,,,,,,,,,,,,
Trilogy Innovations,17.4523593,78.3628041,"Euclid Innovations, 650 SLN Terminus, Gachibowli - Miyapur Highway, Ward 106 Serilingampally, Hyderabad - 500084, TG, India",Euclid Innovations,650 SLN Terminus,Gachibowli - Miyapur Highway,500084,Studiorigin - Interior Designer in Hyderabad,HY,Hyderabad,Serilingampalle mandal,Telangana,TG,India,in,
Ginesys,,,,,,,,,,,,,,,,
Reltio,12.8995288,77.6311971,"Reltio, AMR Tech Park Road, Garvebavi Palya, Bengaluru - 560068, KA, India",Reltio,,AMR Tech Park Road,560068,Bengaluru South City Corporation,BN,Bengaluru,Bangalore South,Karnataka,KA,India,in,
eRevMax,,,,,,,,,,,,,,,,
Julia Computing,11.6678189,76.2511696,"Center for social computing, Sultan Bathery - Kattayad - Pazhuppathur Road, Sultan Bathery - 673592, KL, India",Center for social computing,,Sultan Bathery - Kattayad - Pazhuppathur Road,673592,,WA,Sultan Bathery,Sulthanbathery,Kerala,KL,India,in,
SirionLabs,,,,,,,,,,,,,,,,
Talisma,,,,,,,,,,,,,,,,
SRS Web Solutions,11.062246,76.943695,"Macronimous web solutions, 1029, Sreevatsa Center, Mettupalayam Road, Coimbatore - 641025, TN, India",Macronimous web solutions,1029,"Sreevatsa Center, Mettupalayam Road",641025,,CM,Coimbatore,Coimbatore,Tamil Nadu,TN,India,in,
Softnautics,,,,,,,,,,,,,,,,
Pathlock,,,,,,,,,,,,,,,,
SafexPay,,,,,,,,,,,,,,,,
Vyom Labs,30.3514868,76.3624191,"Hostel O, Inter Tower Path, Patiala - 147005, PB, India",Hostel O,,Inter Tower Path,147005,,PT,Patiala,Patiala Tahsil,Punjab,PB,India,in,
Altruista Health,10.402365,76.147462,"Health Center, Karamuck, Thrissur, India",Health Center,,,,,,Karamuck,Thrissur,Kerala,KL,India,in,
Concentrix Tigerspike,17.4443863,78.3741169,"concentrix, HITEC City–Madhapur Road, Kothaguda, Hyderabad - 500081, TG, India",concentrix,,HITEC City–Madhapur Road,500081,West Zone,HY,Hyderabad,Serilingampalle mandal,Telangana,TG,India,in,
RapidValue,,,,,,,,,,,,,,,,
Aufait Technologies,28.65003,77.23144,"PointerSoft Technologies Pvt Lmt, Jama Masjid, Delhi, South West Delhi, India",PointerSoft Technologies Pvt Lmt,,,,,SW,Delhi,South West Delhi,Delhi,DL,India,in,
Kilowott,,,,,,,,,,,,,,,,
Quinbay,,,,,,,,,,,,,,,,
Locuz,,,,,,,,,,,,,,,,
Microlise,,,,,,,,,,,,,,,,
Cognologix Technologies,28.65003,77.23144,"PointerSoft Technologies Pvt Lmt, Jama Masjid, Delhi, South West Delhi, India",PointerSoft Technologies Pvt Lmt,,,,,SW,Delhi,South West Delhi,Delhi,DL,India,in,
Abzooba,,,,,,,,,,,,,,,,
Quytech,,,,,,,,,,,,,,,,
Umbrella Infocare,28.612849,77.377921,"Arohan infocare Private Limited आरोहण इन्फोकेयर प्राइवेट लिमिटेड, Noida - 201301, UP, India",Arohan infocare Private Limited आरोहण इन्फोकेयर प्राइवेट लिमिटेड,,,201301,,GB,Noida,Gautam Buddha Nagar,Uttar Pradesh,UP,India,in,
Data Dynamics,29.266385,75.995576,"Data, Hissar, India",,,,,,,Data,Hissar,Haryana,HR,India,in,
BOB Tech Solutions,19.0934988,72.913481,"Prince Tech Solutions, D 208, Lal Bahadur Shastri Marg, Ghatkopar West, Mumbai - 400086, MH, India",Prince Tech Solutions,D 208,Lal Bahadur Shastri Marg,400086,Mumbai Zone 6,MU,Mumbai,Mumbai Suburban District,Maharashtra,MH,India,in,
Wavicle Data Solutions,17.4786643,78.5655075,"Charting Now Visual Data Solutions Private Limited, Module No.204, Street Number 5, Ward 2 Dr A S Rao Nagar, Hyderabad - 500062, TG, India",Charting Now Visual Data Solutions Private Limited,Module No.204,Street Number 5,500062,Greater Hyderabad Municipal Corporation East Zone,HY,Hyderabad,Kapra mandal,Telangana,TG,India,in,
ATEM Software Solutions,12.9864281,77.5952553,"Planvisage Software Solutions, 35/1, 2nd Floor, Cunningham Hallmark, Cunningham Road, Vasanth Nagar, Bengaluru - 560001, KA, India",Planvisage Software Solutions,"35/1, 2nd Floor, Cunningham Hallmark",Cunningham Road,560001,Bengaluru Central City Corporation,BN,Bengaluru,Bangalore North,Karnataka,KA,India,in,
xto10x,,,,,,,,,,,,,,,,
Altezzasys Systems,22.304211,73.165385,"Omikron Systems, 205 & 206, SAKAR Complex, Old Padra Road, Vadodara - 390007, GJ, India",Omikron Systems,"205 & 206, SAKAR Complex",Old Padra Road,390007,,,Vadodara,Vadodara,Gujarat,GJ,India,in,
SrinSoft Technologies,28.65003,77.23144,"PointerSoft Technologies Pvt Lmt, Jama Masjid, Delhi, South West Delhi, India",PointerSoft Technologies Pvt Lmt,,,,,SW,Delhi,South West Delhi,Delhi,DL,India,in,
Pavilion,30.3327636,78.03082,"Pavilion, Mall Road, Dehradun - 248001, UT, India",Pavilion,,Mall Road,248001,,,Dehradun,Dehradun,Uttarakhand,UT,India,in,
Spenmo,,,,,,,,,,,,,,,,
SenecaGlobal,,,,,,,,,,,,,,,,
ObjectFrontier Software,12.9855145,80.2458023,"ObjectFrontier Software, Taramani Road, Zone 13 Adyar, Chennai - 600113, TN, India",ObjectFrontier Software,,Taramani Road,600113,CMWSSB Division 180,CH,Chennai,Chennai,Tamil Nadu,TN,India,in,
qSEAp Infotech,26.82399,75.54525,"Vatika Infotech City, Jaipur, India",,,,,,,Vatika Infotech City,Jaipur,Rajasthan,RJ,India,in,
MasterSoft ERP Solutions,,,,,,,,,,,,,,,,
Tuyasmart India,,,,,,,,,,,,,,,,
Decision Minds,9.960863,76.295293,"Mysterious Minds, Ernakulam - 682036, KL, India",Mysterious Minds,,,682036,,ER,Ernakulam,Ernakulam,Kerala,KL,India,in,
Successive Technologies,28.65003,77.23144,"PointerSoft Technologies Pvt Lmt, Jama Masjid, Delhi, South West Delhi, India",PointerSoft Technologies Pvt Lmt,,,,,SW,Delhi,South West Delhi,Delhi,DL,India,in,
Suki,21.547932,77.9247929,"Suki, Athner Tahsil, India",,,,,Suki,,Suki,Athner Tahsil,Madhya Pradesh,MP,India,in,
Eton Solutions LP,,,,,,,,,,,,,,,,
Kaleyra,12.9040103,77.6012902,"Kaleyra, Bannerghatta Road, J.P Nagar, Bengaluru - 560076, KA, India",Kaleyra,,Bannerghatta Road,560076,Bengaluru South City Corporation,BN,Bengaluru,Bangalore South,Karnataka,KA,India,in,
WorkFusion,,,,,,,,,,,,,,,,
PSRTEK,,,,,,,,,,,,,,,,
Pentagon System and Services,8.7115657,77.7701218,"RAPID SYSTEM | Computer and Laptop service centre | Refurbished and Used laptops | CCTV Installation | Custom PC building, 80/7, Tiruchendur - Palayamkottai - Ambasamudram - Tenkasi - Courtalam - Shencottai Road, Vijayaraghava Muthaliyaar Chatram, Ktc Nagar - 627011, TN, India",RAPID SYSTEM | Computer and Laptop service centre | Refurbished and Used laptops | CCTV Installation | Custom PC building,80/7,Tiruchendur - Palayamkottai - Ambasamudram - Tenkasi - Courtalam - Shencottai Road,627011,,TI,Ktc Nagar,Palayamkottai,Tamil Nadu,TN,India,in,
Crave InfoTech,26.82399,75.54525,"Vatika Infotech City, Jaipur, India",,,,,,,Vatika Infotech City,Jaipur,Rajasthan,RJ,India,in,
Niftel Communications,13.041067,80.239741,"Digitel Communications, 6, 1st floor, Raja Badhar road, Ward 136, Chennai - 600023, TN, India",Digitel Communications,"6, 1st floor",Raja Badhar road,600023,Kodambakkam,CH,Chennai,Chennai,Tamil Nadu,TN,India,in,
Opus Consulting Solutions,22.5696848,88.4365441,"Geforce Consulting Solutions Pvt. Ltd., 7th Floor, K-1, Manibhandar Building, Module 7A, Ring Road, Sector V, Bidhannagar - 700091, WB, India",Geforce Consulting Solutions Pvt. Ltd.,"7th Floor, K-1, Manibhandar Building, Module 7A",Ring Road,700091,GP Block,PS,Bidhannagar,Bidhannagar,West Bengal,WB,India,in,
Mahindra Satyam BPO,12.8524,77.67791,"Central cafeteria, Mahindra Satyam, Bangalore, India",,,,,,,"Central cafeteria, Mahindra Satyam",Bangalore,Karnataka,KA,India,in,
iSource ITES,23.517723,87.377177,"ITES Block, Durgapur - 713216, WB, India",,,ITES Block,713216,,BR,Durgapur,Bardhaman,West Bengal,WB,India,in,
Thirdware Solution INC,,,,,,,,,,,,,,,,
Genisys Group,12.979356,77.722733,"Genisys, Garudachar Playa, Bangalore - 560066, KA, India",,,Genisys,560066,Mahadevapura,BN,Bangalore,Bangalore,Karnataka,KA,India,in,
Adarsh Solutions,26.902074,75.835389,"RasuKoo Digital Solutions, D-20/21, Mandir Marg, Adarsh Nagar, Jaipur - 302004, RJ, India",RasuKoo Digital Solutions,D-20/21,Mandir Marg,302004,Saket Colony,,Jaipur,Jaipur Tehsil,Rajasthan,RJ,India,in,
Net Solutions,31.7069085,76.9361109,"Net Pro Solutions, NH3;NH154, Mandi - 175001, HP, India",Net Pro Solutions,,NH3,NH154,175001,,,Mandi,Mandi,Himachal Pradesh,HP,India,https://www.openstreetmap.org/copyright
Airdit Software Services,12.9258227,77.6866283,"GrayMatter Software Services Pvt. Ltd., 20, RMZ Eco World Road, Shivanasamudra Ward, Bengaluru - 560103, KA, India",GrayMatter Software Services Pvt. Ltd.,20,RMZ Eco World Road,560103,Bengaluru East City Corporation,BN,Bengaluru,Bangalore East,Karnataka,KA,India,in,
Terralogic,,,,,,,,,,,,,,,,
Computer Power Group,18.6095673,73.7703742,"Computer Town, Shop no 10, Upper ground, Abc Nirman Building, Gujarnagar Flyover, Thergaon, Pimpri - 411033, MH, India",Computer Town,"Shop no 10, Upper ground, Abc Nirman Building",Gujarnagar Flyover,411033,Kaverinagar,PU,Pimpri,Mulshi,Maharashtra,MH,India,in,
"Trellissoft,",,,,,,,,,,,,,,,,
Wobot.ai,,,,,,,,,,,,,,,,
Kami Vision,30.580072,76.925637,"Kami, Panchkula, India",,,,,,,Kami,Panchkula,Haryana,HR,India,in,
Ford Pro Charging,12.786309,80.0153,"Henry Ford Road, - 603204, TN, India",,,Henry Ford Road,603204,,KC,,Kancheepuram,Tamil Nadu,TN,India,in,
Reward360 Global Services.,12.980156,77.602371,"VFS Global Services, Unit No. 305, Level 3, Second Floor, Prestige Atrium, No.1 Central Street, Shivaji Nagar, Central Street, Sampangiram Nagar, Bangalore - 560001, KA, India",VFS Global Services,"Unit No. 305, Level 3, Second Floor, Prestige Atrium, No.1 Central Street, Shivaji Nagar",Central Street,560001,East Bangalore,BN,Bangalore,Bangalore,Karnataka,KA,India,in,
SISA,20.719564,77.1095689,"Sisa, Akola, India",,,,,Sisa,,Sisa,Akola,Maharashtra,MH,India,in,
MicroObjects,,,,,,,,,,,,,,,,
IDfy,19.105544,72.8812603,"IDfy, Hasan Pada Road, Saki Naka, Mumbai - 400072, MH, India",IDfy,,Hasan Pada Road,400072,Mumbai Zone 3,MU,Mumbai,Mumbai Suburban District,Maharashtra,MH,India,in,
CK Solutions,19.1655249,72.8526144,"Appectual IT Solutions, Goregaon East, Mumbai - 400063, MH, India",Appectual IT Solutions,,,400063,Mumbai Zone 4,,Mumbai,Mumbai Suburban District,Maharashtra,MH,India,in,
Aissel Technologies,28.65003,77.23144,"PointerSoft Technologies Pvt Lmt, Jama Masjid, Delhi, South West Delhi, India",PointerSoft Technologies Pvt Lmt,,,,,SW,Delhi,South West Delhi,Delhi,DL,India,in,
Games2win India,22.687581,79.370366,India,India,,,,,,,,,,India,in,
ITCG Solutions,12.98049,77.60469,"Mobipro Solutions, Bangalore, India",Mobipro Solutions,,,,East Bangalore,,Bangalore,Bangalore,Karnataka,KA,India,in,
Dukaan,25.5854427,85.0461973,"general store dukaan, Khagaul - 801105, BR, India",general store dukaan,,,801105,,,Khagaul,Dinapur-Cum-Khagaul,Bihar,BR,India,in,
Supply Wisdom,9.318529,76.617305,"Supply office, gorund floor, Chengannur - 689122, KL, India",Supply office,gorund floor,,689122,,AL,Chengannur,Alappuzha,Kerala,KL,India,in,
InApp,,,,,,,,,,,,,,,,
TATWA Technologies,26.750433,84.711859,"Tatwa Toli, Siripur, West Champaran, India",Tatwa Toli,,,,,,Siripur,West Champaran,Bihar,BR,India,in,
Ospyn Technologies,28.65003,77.23144,"PointerSoft Technologies Pvt Lmt, Jama Masjid, Delhi, South West Delhi, India",PointerSoft Technologies Pvt Lmt,,,,,SW,Delhi,South West Delhi,Delhi,DL,India,in,
RGI Group,16.417351,81.779701,"Madhya Group, East Godavari, India",,,,,,,Madhya Group,East Godavari,Andhra Pradesh,AP,India,in,
izmo,,,,,,,,,,,,,,,,
Weaverbird Engineering & Technology,26.9164527,80.9414473,"Institute of Engineering & Technology, Sitapur Road, Aliganj, Lucknow - 226021, UP, India",Institute of Engineering & Technology,,Sitapur Road,226021,,,Lucknow,Lucknow,Uttar Pradesh,UP,India,in,
iGlobal KPO Services,17.4300823,78.4317595,"Legitimate KPO Services, Sri Nagar Colony Main Road, Ward 96 Yousufguda, Hyderabad - 500073, TG, India",Legitimate KPO Services,,Sri Nagar Colony Main Road,500073,Greater Hyderabad Municipal Corporation Central Zone,HY,Hyderabad,Shaikpet mandal,Telangana,TG,India,in,
Xoxoday,,,,,,,,,,,,,,,,
RDAlabs,,,,,,,,,,,,,,,,
Extentia Information Technology,28.672116,77.250027,"Delhi Information Technology Park, Kailash Nagar, Delhi - 110106, DL, India",,,Delhi Information Technology Park,110106,,SW,Delhi,South West Delhi,Delhi,DL,India,in,
Inventive IT,12.9648652,80.2465976,"jnana inventive private limited, 27, Dr MGR Main Road, Zone 14 Perungudi, Chennai - 600096, TN, India",jnana inventive private limited,27,Dr MGR Main Road,600096,Perungudi,CH,Chennai,Chennai,Tamil Nadu,TN,India,in,
Abjayon,,,,,,,,,,,,,,,,
Interra Systems,22.304211,73.165385,"Omikron Systems, 205 & 206, SAKAR Complex, Old Padra Road, Vadodara - 390007, GJ, India",Omikron Systems,"205 & 206, SAKAR Complex",Old Padra Road,390007,,,Vadodara,Vadodara,Gujarat,GJ,India,in,
Mysense Technologies,28.65003,77.23144,"PointerSoft Technologies Pvt Lmt, Jama Masjid, Delhi, South West Delhi, India",PointerSoft Technologies Pvt Lmt,,,,,SW,Delhi,South West Delhi,Delhi,DL,India,in,
sa.global,20.2575703,85.7874103,"Vikash Global School, NH16, Ward 63, Bhubaneswar Municipal Corporation - 751030, OR, India",Vikash Global School,,NH16,751030,South West Zone,,Bhubaneswar Municipal Corporation,Bhubaneswar (M.Corp.),Odisha,OR,India,in,
LambdaTest,28.6228716,77.3663007,"LambdaTest, Sector 62, Noida - 201309, UP, India",LambdaTest,,,201309,,GB,Noida,Dadri,Uttar Pradesh,UP,India,in,
Founder and Lightning,12.9703132,77.5758789,"Aarti electricals and lightning, B.V.K. Iyengar Road, Chikkapete, Bengaluru - 560053, KA, India",Aarti electricals and lightning,,B.V.K. Iyengar Road,560053,Bengaluru Central City Corporation,BN,Bengaluru,Bangalore North,Karnataka,KA,India,in,
Innover Digital,19.0128029,72.8277261,"Reliance Digital, Appasaheb Marathe Marg, Prabhadevi, Mumbai - 400025, MH, India",Reliance Digital,,Appasaheb Marathe Marg,400025,Mumbai Zone 2,MU,Mumbai,Mumbai City District,Maharashtra,MH,India,in,
Naviga India,28.193235,94.154038,"Arunachal Pradesh, India",Arunachal Pradesh,,,,,,,,,,India,in,
Sriven Systems,12.9437747,77.6497187,"Sriven Splendour, Challaghatta Jct Rd, Challaghatta, Yamalur, Bengaluru - 560037, KA, India",Sriven Splendour,,"Challaghatta Jct Rd, Challaghatta",560037,Bengaluru East City Corporation,BN,Bengaluru,Bangalore East,Karnataka,KA,India,in,
eClinical Solutions,12.98049,77.60469,"Mobipro Solutions, Bangalore, India",Mobipro Solutions,,,,East Bangalore,,Bangalore,Bangalore,Karnataka,KA,India,in,
Softura,,,,,,,,,,,,,,,,
Jagran New Media,28.6496701,77.339575,"Vaishali, Madan Mohan Malviya Marg, Vaishali, Ghaziabad - 201001, UP, India",Vaishali,,Madan Mohan Malviya Marg,201001,,GH,Ghaziabad,Ghaziabad,Uttar Pradesh,UP,India,in,
SRINI PHARMACEUTICALS,26.7142119,88.4257006,"Bhadra Pharmaceuticals, Sirish Bhaduri Sarani, Siliguri - 734001, WB, India",Bhadra Pharmaceuticals,,Sirish Bhaduri Sarani,734001,,DA,Siliguri,Matigara block,West Bengal,WB,India,in,
Palni Inc,25.129501,85.612611,"Palni, Sheikhpura, India",,,,,,,Palni,Sheikhpura,Bihar,BR,India,in,
Streamoid,,,,,,,,,,,,,,,,
FCS Software Solutions,12.9864281,77.5952553,"Planvisage Software Solutions, 35/1, 2nd Floor, Cunningham Hallmark, Cunningham Road, Vasanth Nagar, Bengaluru - 560001, KA, India",Planvisage Software Solutions,"35/1, 2nd Floor, Cunningham Hallmark",Cunningham Road,560001,Bengaluru Central City Corporation,BN,Bengaluru,Bangalore North,Karnataka,KA,India,in,
GoKwik,,,,,,,,,,,,,,,,
Acnovate Corporation,17.43727,78.38536,"United Technologies Corporation, Serilingampally, Hyderabad, India",United Technologies Corporation,,,,West Zone,HY,Hyderabad,Hyderabad,Andhra Pradesh,AP,India,in,
Catalyst Business Solutions,11.0108897,76.4860777,"Motorex Business Solutions, Mannarkkad-Aanakkati Road, Mannarkkad - 678582, KL, India",Motorex Business Solutions,,Mannarkkad-Aanakkati Road,678582,,PL,Mannarkkad,Mannarkad,Kerala,KL,India,in,
Rang Technologies Inc,22.302995,73.154503,"Apidel Technologies, Vadodara - 391101, GJ, India",,,Apidel Technologies,391101,,,Vadodara,Vadodara,Gujarat,GJ,India,in,
iFlair Web Technologies,17.4931887,78.4106286,"Bhavya Web Technologies Pvt Ltd, Kukatpally, Hyderabad - 509328, TG, India",Bhavya Web Technologies Pvt Ltd,,Bhavya Web Technologies Pvt Ltd,509328,West Zone,HY,Hyderabad,Kukatpally mandal,Telangana,TG,India,in,
Byteridge,,,,,,,,,,,,,,,,
zCon Solutions,12.98049,77.60469,"Mobipro Solutions, Bangalore, India",Mobipro Solutions,,,,East Bangalore,,Bangalore,Bangalore,Karnataka,KA,India,in,
CaaStle,,,,,,,,,,,,,,,,
KPI Partners,12.9874203,77.5935006,"AZB & Partners, 37, Cunningham Road, Vasanth Nagar, Bengaluru - 560052, KA, India",AZB & Partners,37,Cunningham Road,560052,Bengaluru Central City Corporation,BN,Bengaluru,Bangalore North,Karnataka,KA,India,in,
VNC Digital Services,31.3023005,75.5542016,"Digital Marketing Services, 26- A, NH703, Khurla Kingra, Jalandhar - 144003, PB, India",Digital Marketing Services,26- A,NH703,144003,Guru Teg Bahadur Nagar,JA,Jalandhar,Jalandhar I Tahsil,Punjab,PB,India,in,
Everyday Health Group,17.4620023,78.3669068,"REFRACTO EYE HOSPITAL (A GROUP OF CREDIBLE HEALTH CARE PVT LTD ), Gachibowli - Miyapur Highway, Kondapur, Hyderabad - 500084, TG, India",REFRACTO EYE HOSPITAL (A GROUP OF CREDIBLE HEALTH CARE PVT LTD ),,Gachibowli - Miyapur Highway,500084,jubilee gardens,HY,Hyderabad,Serilingampalle mandal,Telangana,TG,India,in,
INTECH,12.5879367,75.0734532,"intech solutions, Badiyadka Road, Perdala Panjithadka Colony, Badiadka - 671551, KL, India",intech solutions,,Badiyadka Road,671551,Perdala Panjithadka Colony,KS,Badiadka,Kasaragod,Kerala,KL,India,in,
ZeOmega,,,,,,,,,,,,,,,,
Konica Minolta Business Solutions India,,,,,,,,,,,,,,,,
IT Services,28.3906161,77.3020566,"Yatharthriti IT Services Private Ltd | Learning Management System|LMS Platform | LMS Software|LMS Provider| Moodle LMS| Elearning Solution, A22, New Industrial Township, Faridabad - 121001, HR, India",Yatharthriti IT Services Private Ltd | Learning Management System|LMS Platform | LMS Software|LMS Provider| Moodle LMS| Elearning Solution,A22,,121001,,,Faridabad,Faridabad,Haryana,HR,India,in,
ISHIR,,,,,,,,,,,,,,,,
Galaxy Weblinks Inc,,,,,,,,,,,,,,,,
Accutech Power Solutions,13.020846,77.498553,"Accutech Enterprises, A2, 480, 1st Cross Rd, 7 Block, 3rd Phase, BSK 3rd Stage, Peenya, Peenya Industrial Area, Bangalore - 560058, KA, India",Accutech Enterprises,"A2, 480","1st Cross Rd, 7 Block, 3rd Phase, BSK 3rd Stage, Peenya",560058,Dasarahalli ,BN,Bangalore,Bangalore,Karnataka,KA,India,in,
Proximity Works,14.537065,78.849645,"Gandi Water Works, Kadapa, India",,,,,,,Gandi Water Works,Kadapa,Andhra Pradesh,AP,India,in,
Skience,,,,,,,,,,,,,,,,
Webkul,28.6295207,77.3785287,"WebKul, H-28, ARV Park, Model Town Underpass, Sector 62, Noida - 201301, UP, India",WebKul,"H-28, ARV Park",Model Town Underpass,201301,,GB,Noida,Dadri,Uttar Pradesh,UP,India,in,
MindCraft Software,25.34526,72.6269381,"Software Technology, Shop No.17-19, NH325, Jalore - 343001, RJ, India",Software Technology,Shop No.17-19,NH325,343001,,JL,Jalore,Jalor Tehsil,Rajasthan,RJ,India,in,
Conviva,,,,,,,,,,,,,,,,
ACCELQ,,,,,,,,,,,,,,,,
Mobiloitte,,,,,,,,,,,,,,,,
Quark Software,12.9854405,80.2364886,"Quark Canteen, Hostel Avenue, Zone 13 Adyar, Chennai - 600036, TN, India",Quark Canteen,,Hostel Avenue,600036,CMWSSB Division 174,CH,Chennai,Chennai,Tamil Nadu,TN,India,in,
Prescient Technologies,28.65003,77.23144,"PointerSoft Technologies Pvt Lmt, Jama Masjid, Delhi, South West Delhi, India",PointerSoft Technologies Pvt Lmt,,,,,SW,Delhi,South West Delhi,Delhi,DL,India,in,
StrategicERP Business Automation Solutions,,,,,,,,,,,,,,,,
BrainerHub Solutions,12.98049,77.60469,"Mobipro Solutions, Bangalore, India",Mobipro Solutions,,,,East Bangalore,,Bangalore,Bangalore,Karnataka,KA,India,in,
SSM InfoTech Solutions,30.7107344,76.7090881,"Seasia Infotech - Enterprise AI Solutions, C-136, edge 22, Sector 72, Sahibzada Ajit Singh Nagar - 160071, PB, India",Seasia Infotech - Enterprise AI Solutions,C-136,edge 22,160071,,,Sahibzada Ajit Singh Nagar,S.A.S. Nagar (Mohali) Tahsil,Punjab,PB,India,in,
DVG,14.4679807,75.9195682,"Davanagere, SH76, K.B. Extension, Davanagere - 577002, KA, India",Davanagere,,SH76,577002,,,Davanagere,Davanagere Taluku,Karnataka,KA,India,in,
ShopX,,,,,,,,,,,,,,,,
Lumiq,,,,,,,,,,,,,,,,
Akshay Software Technologies,13.026214,77.635813,"Ambara Software Technologies, Kacharkanahalli, Bangalore - 560043, KA, India",Ambara Software Technologies,,,560043,East Bangalore,BN,Bangalore,Bangalore,Karnataka,KA,India,in,
Atlan,,,,,,,,,,,,,,,,
Apptware,,,,,,,,,,,,,,,,
Eternus,,,,,,,,,,,,,,,,
NeST Digital,19.0128029,72.8277261,"Reliance Digital, Appasaheb Marathe Marg, Prabhadevi, Mumbai - 400025, MH, India",Reliance Digital,,Appasaheb Marathe Marg,400025,Mumbai Zone 2,MU,Mumbai,Mumbai City District,Maharashtra,MH,India,in,
Senrysa Technologies,28.65003,77.23144,"PointerSoft Technologies Pvt Lmt, Jama Masjid, Delhi, South West Delhi, India",PointerSoft Technologies Pvt Lmt,,,,,SW,Delhi,South West Delhi,Delhi,DL,India,in,
TactTree LLP,11.257058,75.7917199,"Peloton Sports LLP, Sahara Building, Mini Bypass Road, Jawahar Nagar, Kozhikode - 673004, KL, India",Peloton Sports LLP,Sahara Building,Mini Bypass Road,673004,,KZ,Kozhikode,Kozhikode,Kerala,KL,India,in,
CRG Solutions,12.98049,77.60469,"Mobipro Solutions, Bangalore, India",Mobipro Solutions,,,,East Bangalore,,Bangalore,Bangalore,Karnataka,KA,India,in,
Logixal Inc,22.31028,73.16672,"Webmyne INC, Vadodara, India",Webmyne INC,,,,,,Vadodara,Vadodara,Gujarat,GJ,India,in,
Hirexa Solutions,12.98049,77.60469,"Mobipro Solutions, Bangalore, India",Mobipro Solutions,,,,East Bangalore,,Bangalore,Bangalore,Karnataka,KA,India,in,
Credence Analytics,12.98366,80.246441,"LatentView Analytics, Ward 180, Chennai - 600113, TN, India",LatentView Analytics,,,600113,Adyar,CH,Chennai,Chennai,Tamil Nadu,TN,India,in,
Pesto Tech,12.9226966,80.1279616,"TECH ZONE, 1, Velachery Main Road, East Tambaram, Tambaram - 600059, TN, India",TECH ZONE,1,Velachery Main Road,600059,,KC,Tambaram,Tambaram,Tamil Nadu,TN,India,in,
Securelynkx Networks,12.9256413,77.6863239,"Applogic Networks, 1A, RMZ Ecoworld Internal Road, Shivanasamudra Ward, Bengaluru - 560103, KA, India",Applogic Networks,1A,RMZ Ecoworld Internal Road,560103,Bengaluru East City Corporation,BN,Bengaluru,Bangalore East,Karnataka,KA,India,in,
DCKAP,,,,,,,,,,,,,,,,
Paytm Insider,22.4610237,69.0966342,"TRAVEL INSIDER TENT CITY, Sudarshan Setu, Beyt - 361330, GJ, India",TRAVEL INSIDER TENT CITY,,Sudarshan Setu,361330,,JM,Beyt,Okhamandal Taluka,Gujarat,GJ,India,in,
Fable Fintech,28.6365612,77.3050393,"AS Fintech Private Limited, 7, Gali Number 1, Preet Vihar Tehsil, Delhi - 110092, DL, India",AS Fintech Private Limited,7,Gali Number 1,110092,East Delhi,SW,Delhi,South West Delhi,Delhi,DL,India,in,
Virsec Systems,22.304211,73.165385,"Omikron Systems, 205 & 206, SAKAR Complex, Old Padra Road, Vadodara - 390007, GJ, India",Omikron Systems,"205 & 206, SAKAR Complex",Old Padra Road,390007,,,Vadodara,Vadodara,Gujarat,GJ,India,in,
Infoworks.io,,,,,,,,,,,,,,,,
Promact Infotech,22.27338,73.19735,"Promact Infotech Pvt. Ltd., Vadodara, India",Promact Infotech Pvt. Ltd.,,,,,,Vadodara,Vadodara,Gujarat,GJ,India,in,
Taashee Linux Services,,,,,,,,,,,,,,,,
Cegonsoft,,,,,,,,,,,,,,,,
CEIPAL Corp.,20.29219,85.82174,"Bhubaneswar M Corp, Khordha, India",,,,,,KH,Bhubaneswar M Corp,Khordha,Odisha,OR,India,in,
Briq,,,,,,,,,,,,,,,,
Cotelligent,,,,,,,,,,,,,,,,
Enhops,,,,,,,,,,,,,,,,
Sysvine Technologies,28.65003,77.23144,"PointerSoft Technologies Pvt Lmt, Jama Masjid, Delhi, South West Delhi, India",PointerSoft Technologies Pvt Lmt,,,,,SW,Delhi,South West Delhi,Delhi,DL,India,in,
Education Management Solutions,19.232866,72.970429,"Harmony Management Solutions, Thane - 401302, MH, India",Harmony Management Solutions,,,401302,,TN,Thane,Thane,Maharashtra,MH,India,in,
Appnomic,,,,,,,,,,,,,,,,
eTouch Systems,22.304211,73.165385,"Omikron Systems, 205 & 206, SAKAR Complex, Old Padra Road, Vadodara - 390007, GJ, India",Omikron Systems,"205 & 206, SAKAR Complex",Old Padra Road,390007,,,Vadodara,Vadodara,Gujarat,GJ,India,in,
Autoplant System India,28.626069,77.303731,"Shrimate Surveillance System, D 306, D 306 PNB Building, west vinod nagar, Indraprastha Extension, Delhi - 110092, DL, India",Shrimate Surveillance System,D 306,"D 306 PNB Building, west vinod nagar",110092,,SW,Delhi,South West Delhi,Delhi,DL,India,in,
Tringapps,,,,,,,,,,,,,,,,
BuzzClan,,,,,,,,,,,,,,,,
ARS Traffic & Transport Technology,26.797544,91.503238,"Road Service and Transport Authority, Darranga, Sashipur - 41001, AS, India",Road Service and Transport Authority,,,41001,,,Sashipur,Baksa,Assam,AS,India,in,
BDx Data Centers,,,,,,,,,,,,,,,,
Facile Services,30.111017,78.2825,"Services, Someshwar Nagar, Rishikesh - 249201, UT, India",,,Services,249201,,DD,Rishikesh,Dehradun,Uttarakhand,UT,India,in,
Uneecops Technologies,28.65003,77.23144,"PointerSoft Technologies Pvt Lmt, Jama Masjid, Delhi, South West Delhi, India",PointerSoft Technologies Pvt Lmt,,,,,SW,Delhi,South West Delhi,Delhi,DL,India,in,
Rapidflow Inc,22.31028,73.16672,"Webmyne INC, Vadodara, India",Webmyne INC,,,,,,Vadodara,Vadodara,Gujarat,GJ,India,in,
